:020000040800F2
:10000000C02A002081050008D9020008DB02000890
:10001000E7020008F3020008FF02000800000000E9
:100020000000000000000000000000000B030008BA
:100030000D03000800000000970500080F030008EA
:100040009B0500089B0500089B0500081D03000890
:100050009B0500089B0500081B0300089B05000882
:100060009B0500089B0500089B0500089B050008F0
:100070009B0500089B0500089B0500089B050008E0
:100080009B0500089B0500089B0500089B050008D0
:100090009B0500089B0500089B0500089B050008C0
:1000A0009B0500089B0500089B0500089B050008B0
:1000B00037370008836F00089B0500089B05000880
:1000C0009B0500089B0500089B0500089B05000890
:1000D0009B050008FF7600089B050008B34C00084C
:1000E0009B0500089B0500089B0500089B05000870
:1000F0009B0500089B0500089B0500089B05000860
:100100009B0500089B0500089B0500089B0500084F
:100110009B0500089B0500089B0500089B0500083F
:100120009B0500089B0500089B0500089B0500082F
:100130009B0500089B0500089B0500089B0500081F
:1001400000000000000000000000000000000000AF
:100150009B0500089B0500089B0500089B050008FF
:100160009B0500089B0500089B0500089B050008EF
:100170009B0500089B0500089B0500089B050008DF
:100180009B05000800F002F800F096F80AA090E83D
:10019000000C82448344AAF10107DA4501D100F042
:1001A0008BF8AFF2090EBAE80F0013F0010F18BF79
:1001B000FB1A43F001031847D0C50000F0C500004A
:1001C000103A24BF78C878C1FAD8520724BF30C883
:1001D00030C144BF04680C60704700000023002455
:1001E00000250026103A28BF78C1FBD8520728BF47
:1001F00030C148BF0B6070476E2907F09F87702998
:1002000007F03D8466290BF0978065290BF09480F8
:1002100067290BF0918061290BF0908003681B0A1D
:1002200028BF41F08001692907F0AE83642907F0F7
:10023000AB83752907F0A8836F2908F09C82782981
:1002400007F00984E92908F03782E42908F03482AC
:10025000F52908F03182EF2908F09982F82907F092
:1002600008840368DB0928BF41F08001632908F096
:10027000B881732908F0BD81E32908F0C784F32908
:1002800008F0CC84002070471FB50BF050F89DE8B3
:10029000030007F0A7FE08F089FA040000200021FF
:1002A0000AF0D4F9401C6060002000210AF0E4F953
:1002B000E0601FBD10B510BD08F04EFD1146FFF700
:1002C000E3FF03F00EF808F06CFD03B4FFF7F2FF54
:1002D00003BC08F0DDFD0000704711A11F4802F0CB
:1002E000FEFD00BFFEE71EA11C4802F0F8FD00BFA6
:1002F000FEE72AA1194802F0F2FD00BFFEE736A191
:10030000164802F0ECFD00BFFEE770477047424818
:100310000068401C40490860704770477047000003
:100320000D0A2A2A2A2A2A2A2A2A2A2A2A2A2A2A6A
:100330002A2A2A2A2A486172644661756C745F48C9
:10034000616E646C65722A2A2A2A2A2A2A2A2A2A93
:100350002A2A2A2A2A2A2A2A2A0D0A000044004088
:100360000D0A2A2A2A2A2A2A2A2A2A2A2A2A2A2A2A
:100370002A2A2A2A2A4D656D4D616E6167655F489C
:10038000616E646C65722A2A2A2A2A2A2A2A2A2A53
:100390002A2A2A2A2A2A2A2A2A0D0A000D0A2A2A61
:1003A0002A2A2A2A2A2A2A2A2A2A2A2A2A2A2A2AAD
:1003B0002A4275734661756C745F48616E646C6542
:1003C000722A2A2A2A2A2A2A2A2A2A2A2A2A2A2A45
:1003D0002A2A2A2A0D0A00000D0A2A2A2A2A2A2A4B
:1003E0002A2A2A2A2A2A2A2A2A2A2A2A2A557361C2
:1003F00067654661756C745F48616E646C65722AEE
:100400002A2A2A2A2A2A2A2A2A2A2A2A2A2A2A2A4C
:100410002A2A0D0A00000000080000205048006849
:1004200040F470004E4908604E48006820F001001A
:10043000401C4C49086000BF4A480068C0F34000B7
:100440000028F9D04748406820F00300454948603B
:1004500000BF44484068C0F381000028F9D14148FA
:100460000068414908403F4908600020486008632F
:100470004FF41F008860C80339498039086070470D
:100480002DE9F0470026002400250027A046A146BC
:1004900000F000FB8246BAF1000F06D0BAF1010F5E
:1004A00015D0BAF1020F46D115E02E48406DC0F3C9
:1004B000402040B12B48006BC0F3406018B12B487E
:1004C0002B49086002E02B482949086037E0294899
:1004D0002749086033E023484068C0F300472148BB
:1004E0004068C0F383441F484068C0F341750DB9AC
:1004F0000F2C03D12801401C044400E0A41C27B9A0
:100500001D4860431A49086014E016484068C0F36B
:10051000404058B11348406DC0F30136B01C154936
:10052000B1FBF0F060431249086003E011486043FA
:100530000F49086003E00F480D49086000BF00BF85
:1005400008484068C0F303180C4810F808900848A1
:10055000006820FA09F006490860BDE8F08700004D
:1005600088ED00E000100240FFFFF2FE006CDC02AC
:100570000000002000127A0000093D0030B400089D
:100580000948804709480047FEE7FEE7FEE7FEE727
:10059000FEE7FEE7FEE7FEE7FEE7FEE70448054963
:1005A000054A064B704700001D040008850100083D
:1005B000C0120020C02A0020C01E0020C01E002043
:1005C000F848006820F00100401CF649086000BFB0
:1005D000F4480068C0F340000028F9D0F1484068B2
:1005E00020F00300EF49486000BFEE484068C0F3C8
:1005F00081000028F9D1EB480068EB490840E9493F
:1006000008600020486008634FF41F00886070474E
:10061000E449096A60F38201E24A11627047E149E4
:10062000096860F39241DF4A1160704710B50146D6
:100630000020DC4B03EB1142126801F01F04012380
:10064000A3401A4001F01F040123A3409A4200D0A6
:1006500000E0012010BD01460020A1F50022082A7B
:100660004DD2DFE802F004101C28344C4C40CD4A37
:10067000926802F001022AB1CA4A9268C2F30022CB
:1006800002B101203BE0C74A9268C2F340022AB19E
:10069000C44A9268C2F3402202B101202FE0C14A4D
:1006A0009268C2F380022AB1BE4A9268C2F38022E5
:1006B00002B1012023E0BB4A9268C2F3C0022AB112
:1006C000B84A9268C2F3C02202B1012017E0B54ACD
:1006D0009268C2F300122AB1B24A9268C2F30032A1
:1006E00002B101200BE0AF4A9268C2F3C0122AB1F6
:1006F000AC4A1268C2F3C04202B1012000BF00BF81
:10070000704730B50024002500E0641C1120FFF77D
:100710008DFF012802D0B4F5405FF6D31120FFF71A
:1007200085FF012801D0002500E00125284630BDC5
:100730009C49096860F387019A4A1160704799499A
:10074000096B21F0FF015A31964A1163114609687D
:1007500060F30F2111601146096B21F0FF01116355
:10076000704710B501290DD18E4B03EB1042126872
:1007700000F01F040123A3401A438A4C04EB1043EA
:100780001A600CE0874B03EB1042126800F01F0464
:100790000123A3409A43834C04EB10431A6010BD1D
:1007A00010B501290DD17F4B03EB1042126800F008
:1007B0001F040123A3401A437A4C04EB10431A6030
:1007C0000CE0784B03EB1042126800F01F04012389
:1007D000A3409A43734C04EB10431A6010BD10B54C
:1007E00001290DD16F4B03EB1042126800F01F047A
:1007F0000123A3401A436B4C04EB10431A600CE036
:10080000684B03EB1042126800F01F040123A34061
:100810009A43644C04EB10431A6010BD052827D29C
:10082000DFE800F0030A11181F005E4A126861F346
:1008300000025C4B1A601CE05A4A126861F31042D5
:10084000584B1A6015E0574A126861F31862554B0D
:100850001A600EE0534A126A61F30002514B1A62A9
:1008600007E0504A526A61F300024E4B5A6200E0C0
:1008700000BF00BF70474D4A811A904218D009DC72
:10088000A0F50021082959D2DFE801F0222B343DE0
:100890004658584F891E062950D2DFE801F003045C
:1008A0000506070800BF00BF00BF00BF00BF00BFB4
:1008B0003C49496A21F0807101F18071394A5162E5
:1008C00000BF3849496AC1F300610029F9D136E017
:1008D0003449896821F4803101F58031314A9160D1
:1008E0002DE03049896821F4003101F500312D4AAD
:1008F000916024E02B49896821F4802101F5802151
:10090000284A91601BE02749896821F4002101F5FC
:100910000021244A916012E02249896821F4801163
:1009200001F580111F4A916009E01E49896821F490
:10093000000101F500011B4A916000E000BF00BF0B
:1009400070471849096A60F30921164A1162704715
:100950001449096A60F3CF31124A11627047114994
:10096000496860F307110F4A516070470D494968A3
:1009700060F30A210B4A516070470A49496860F3E5
:10098000CD21084A516070470649496860F38F31AC
:10099000044A516082080349496862F31C71014AA4
:1009A0005160704700100240FFFFF2FE1800240063
:1009B000B249496860F39751B04A51608208AF4923
:1009C000496862F3DB61AD4A51607047AB49096821
:1009D00060F3D341A94A11607047A849096A60F3DE
:1009E0001041A64A1162704710B568B9A34B5B6805
:1009F00023F48033A14C636023461B6B23F0007308
:100A000003F10073236317E09C4B5B6823F480338E
:100A100003F58033994C6360012805D123465B6858
:100A200023F40033636007E0944B5B6823F40033E6
:100A300003F50033914C6360904B5B6861F3954321
:100A40008E4C63600C098D4B5B6864F35E738B4C5A
:100A5000636023465B6862F3DF73636010BD8749A0
:100A6000496860F30101854A516000BF00BF00BFC3
:100A700000BF00BF00BF00BF00BF00BF00BF00BF7E
:100A800000BF00BF00BF00BF00BF00BF00BF00BF6E
:100A900000BF704779484068C0F3810070472DE976
:100AA000F041014600270022002590460023002443
:100AB000FFF7F0FF064626B1012E12D0022E43D1D9
:100AC00012E06E48406DC0F3402038B16B48006BB7
:100AD000C0F3406010B16A48086001E069480860EE
:100AE00035E06848086032E064484068C0F3004878
:100AF00062484068C0F3834260484068C0F3417573
:100B00000DB90F2A03D12801401C024400E0921CB9
:100B1000B8F1000F03D15C485043086013E0574818
:100B20004068C0F3404058B15448406DC0F30137AD
:100B3000B81CDFF850C1BCFBF0F05043086002E085
:100B400050485043086002E04E48086000BF00BFB4
:100B50004A484068C0F303134C48C45C0868E0404E
:100B6000486046484068C0F302234948C45C48686E
:100B7000E040C86041484068C0F3C2234548C45CB7
:100B80004868E04088603D484068C0F300733B48D7
:100B90004068C0F3813040EA83033F48C45C886802
:100BA000B0FBF4F00861BDE8F0813449496860F3B6
:100BB0001A61324A5160C2083049096B62F3104130
:100BC0002E4A11637047012905D12C4A92680243CD
:100BD0002A4B9A6004E0294A92688243274B9A6024
:100BE0007047012807D12549496D21F03001303186
:100BF000224A516505E02149496D21F030011F4A23
:100C0000516570471D49C96D60F300011B4AD165EC
:100C100070471A49096B60F35961184A11637047AC
:100C200000B503460120FFF7F4FF1448406D63F35D
:100C300049201249486500BD10B50446012C01D178
:100C4000FFF7EEFF0D48406D64F308200B4948653F
:100C500010BD0A49096D60F31041084A11657047DB
:100C60000649496D60F30D31044A516570470349E7
:100C7000096B60F31F71014A116370470010024055
:100C8000006CDC0200127A0000093D0040B400084C
:100C900050B4000858B4000860B4000801460020B1
:100CA00001F0E04221F0E0414AB1B2F1805F0CD0A6
:100CB000B2F1005F0FD0B2F1804F19D112E0FE4BBC
:100CC000DB680B4003B1012013E0FB4BDB6C0B40F6
:100CD00003B101200DE0F84B8C331B680B4003B1CE
:100CE000012006E0F44BDB690B4003B1012000E07A
:100CF00000BF00BF704700F0E04120F0E04031B19C
:100D0000B1F1805F06D0B1F1005F0AD105E0EA4A97
:100D1000D06007E0E84AD06404E0E74A8C32106013
:100D200000E000BF00BF70470320E349C96801F03D
:100D3000010109B100200EE0DF49C968C1F380015B
:100D400009B1012007E0DC49C968C1F3001109B10C
:100D5000022000E0032070470320D749C96801F052
:100D6000010109B100200EE0D349C968C1F3800137
:100D700009B1012007E0D049C968C1F3001109B1E8
:100D8000022000E0032070470320CB49C96C01F02A
:100D9000010109B100200EE0C749C96CC1F380010F
:100DA00009B1012007E0C449C96CC1F3001109B1C0
:100DB000022000E0032070470320BF498C310968FE
:100DC00001F0010109B1002010E0BB498C31096834
:100DD000C1F3800109B1012008E0B7498C310968ED
:100DE000C1F3001109B1022000E00320704700B5F3
:100DF00002460323FFF798FF034603E0FFF794FF43
:100E00000346521E0BB9002AF8D102B90423184632
:100E100000BD00B502460323FFF79EFF034603E033
:100E2000FFF79AFF0346521E0BB9002AF8D102B908
:100E30000423184600BD00B502460323FFF7A4FFB4
:100E4000034603E0FFF7A0FF0346521E0BB9002A3A
:100E5000F8D102B90423184600BD00B502460323A9
:100E6000FFF7AAFF034603E0FFF7A6FF0346521E63
:100E70000BB9002AF8D102B90423184600BD8F48E7
:100E80008D4948608E4848608C4848648C48486466
:100E900070478A4888494860894848607047874851
:100EA000854948648648486470478448824984314B
:100EB000086083488049C1F8840082480068704710
:100EC0007D48006920F0800080307B490861084639
:100ED000006D20F08000803008657047764800691A
:100EE00020F0800080307449086170477248006DBE
:100EF00020F0800080307049086570476E4890305F
:100F0000006820F0800080306B49C1F89000704785
:100F10004FF0046000686C4800686C4800687047D7
:100F200030B504460325B4F1006F1BD368488442F2
:100F300018D86148006920F00200801C5E490861F1
:100F400008464461006920F04000403008614804D0
:100F5000FFF75FFF05465848006920F00200564938
:100F6000086146E05A48401C84421BD3B4F1016F2B
:100F700018D25148006D20F00200801C4E490865CF
:100F800008464465006D20F0400040300865480484
:100F9000FFF751FF05464848006D20F00200464922
:100FA000086526E0B4F1046F23D34348903000680D
:100FB00020F00200801C4049C1F890000846C0F8AB
:100FC00094403D489030006820F0400040303A495D
:100FD000903108604FF0FF30FFF73FFF054636487D
:100FE000D0F8900020F00200334990310860FFF7FC
:100FF0008FFF284630BD10B503242F48006920F02C
:101000000400001D2C4908610846006920F04000DA
:10101000403008614804FFF7FCFE0446264800699A
:1010200020F0040024490861032C15D10846006D06
:1010300020F00400001D08650846006D20F0400007
:10104000403008654804FFF7F6FE04461A48006D74
:1010500020F0040018490865204610BD10B503248F
:101060001548006920F00400001D13490861084676
:10107000006920F04000403008614804FFF7C9FED5
:1010800004460D48006920F004000B490861204621
:1010900010BD10B503240848006D20F00400001DA9
:1010A000054908650846006D20F04000403008659D
:1010B0004804FFF7C0FE0DE0002002402301674511
:1010C000AB89EFCD00F8FF1F00104008002040085A
:1010D000FFFF07080446F748006D20F00400F549BB
:1010E0000865204610BD10B50324F2489030006812
:1010F00020F00400001DEF49C1F89000ED48903049
:10110000006820F040004030C1F89000201FFFF739
:10111000A4FE0446E748D0F8900020F00400E5491A
:10112000C1F89000FFF7F4FE204610BDE148C06909
:10113000C0F34000704730B50324A525FFF7F6FF44
:1011400000B10025DC48DB498860DC48886000BFCE
:10115000D8480069C0F340200028F9D0D54800697C
:1011600020F020002030D34908610846006920F0B3
:101170004000403008614804FFF739FE0446CD487E
:10118000006920F02000CB490861032C14D1A52D63
:1011900012D10846006920F0100010300861C848DC
:1011A00005804FF48010FFF722FE0446C148006915
:1011B00020F01000BF490861204630BD70B50446DC
:1011C0000D460326B4F1006F16D3BE48844213D8EF
:1011D000B848006920F00100401CB649086125604C
:1011E0004FF48010FFF715FE0646B248006920F064
:1011F0000100B049086136E0B248401C844216D371
:10120000B4F1016F13D2AB48006D20F00100401C17
:10121000A849086525604FF48010FFF70CFE0646CC
:10122000A448006D20F00100A24908651BE0B4F15C
:10123000046F18D39F489030006820F00100401CD4
:101240009C499031086025604FF48010FFF705FE3F
:1012500006469848D0F8900020F001009549C1F862
:101260009000FFF755FE304670BD70B504460D4640
:101270000326B4F1006F16D39248844213D88D48E8
:10128000006920F00100401C8A49086125804FF464
:101290008010FFF7BEFD06468648006920F0010079
:1012A0008449086136E08748401C844216D3B4F173
:1012B000016F13D27F48006D20F00100401C7D4972
:1012C000086525804FF48010FFF7B5FD0646794884
:1012D000006D20F00100774908651BE0B4F1046F50
:1012E00018D374489030006820F00100401C714908
:1012F0009031086025804FF48010FFF7AEFD064660
:101300006C48D0F8900020F001006A49C1F89000C4
:10131000FFF7FEFD304670BD70B504460D4603264E
:10132000B4F1006F16D36748844213D8614800694E
:1013300020F00100401C5F49086125704FF48010C7
:10134000FFF767FD06465B48006920F00100594938
:10135000086119E05B48401C844215D3B4F1016F69
:1013600012D25448006D20F00100401C514908651C
:1013700025704FF48010FFF75EFD06464D48006D66
:1013800020F001004B490865304670BD70B5044639
:101390000D4603264A48844203D1A52D01D00320DF
:1013A00070BD4548434988604448886000BF414853
:1013B0000069C0F340200028F9D03E48006920F0C1
:1013C000100010303B49086125804FF48010FFF772
:1013D0000EFD06463748006920F0100035490861C7
:1013E0003046DDE73CB50446374903C9CDE9000185
:1013F00003252068C04320602078ADF800002088D5
:10140000C0F30720ADF802002068C0F30740ADF834
:1014100004002068000EADF80600274825498860C2
:101420002648886000BF23480069C0F34020002898
:10143000F9D02048006920F0100010301D490861E3
:10144000BDF800001E49083108804FF48010FFF7F6
:10145000CEFC0546032D09D1BDF8020018490A311A
:1014600008804FF48010FFF7C2FC0546032D09D118
:10147000BDF8040012490C3108804FF48010FFF7CA
:10148000B6FC0546032D09D1BDF806000C490E3106
:1014900008804FF48010FFF7AAFC05460548006954
:1014A00020F010000349086128463CBD0149096A43
:1014B000016070470020024023016745AB89EFCDF2
:1014C00000F8FF1FFFFF070868B4000830B50446A6
:1014D0000325C948C9498860C948886000BFC74812
:1014E0000069C0F340200028F9D0C448006920F00A
:1014F00020002030C14908610846006920F0400002
:10150000403008614804FFF772FC0546BB4800699B
:1015100020F02000B9490861032D13D194B9084681
:10152000006920F0100010300861A520B54908803E
:101530008007FFF75CFC0546B048006920F010000A
:10154000AE490861284630BD30B504460325AA4897
:10155000AA498860AA48886000BFA8480069C0F30B
:1015600040200028F9D0A548006920F01000103074
:10157000A2490861A348801C04804FF48010FFF743
:1015800036FC05469D48006920F010009B49086123
:10159000284630BD9948C069C0F38700704700F005
:1015A00001022AB1954A126961F38A22934B1A61AA
:1015B00000F002022AB1914A126961F30C328F4B9A
:1015C0001A6100F004022AB18C4A126D61F38A227A
:1015D0008A4B1A6500F008022AB1884A126D61F33D
:1015E0000C32864B1A6500F010023AB1834A9032F1
:1015F000126861F38A22814BC3F8902000F0200228
:101600003AB17E4A9032126861F30C327B4BC3F8D8
:101610009020704700B501467A48006877488830C6
:101620000160FFF775FC00BD744998310860704790
:101630002DE9F04305460F4690464FF00309B5F1FA
:10164000046F38D308F0030626B1022E02D04846B4
:10165000BDE8F08369489030006820F00100401C2C
:101660006649C1F8900000240EE057F8240045F8C0
:1016700024004FF48010FFF7F0FB8146B9F1030F0F
:1016800001D04846E4E7641CB4EB980FEDD3022E7A
:1016900007D137F8240025F82400F004FFF7DDFB1C
:1016A000814656489030006820F001005349C1F847
:1016B0009000FFF72DFC4846CAE72DE9F0430746A6
:1016C0000D4614461E464FF00308A54207DAB44201
:1016D00003DD40F2FF70844201D1B54202DD0120FA
:1016E000BDE8F08348484549F031086000BF4348F1
:1016F000D8300068C0F380000028F8D0434800EAE2
:10170000C420434901EA86510843C5F30A0140EA6F
:1017100001093A48DC3007604FF48010FFF767FB9F
:1017200080463648C0F8E090B8F1030F04D14FF47A
:101730008010FFF75CFB80464046D1E730B5044699
:1017400003252E48D43004600007FFF750FB054600
:10175000032D09D12948D8300068C0F3400008B1F2
:10176000012030BD0020FCE70020FAE72348D830F4
:101770000068C0F3084070472048CC300068C0F3D0
:10178000C00008B1012070470020FCE71B48D030A2
:101790000068C0F30A0070471848D0300068C0F3F2
:1017A000CA2070471548D0300068800D704730B5AA
:1017B00005460C461148F430006865F30B000F49EC
:1017C000C1F8F4000846D0F8F40064F31730C1F80B
:1017D000F4000A48F430006820F0004000F10040B6
:1017E0000649F43108604FF08050FFF700FB0348D2
:1017F000F830006830BD000023016745002002403A
:10180000AB89EFCD00F8FF1F246D5FA300F83F0008
:101810000000C0FF10B50446B948844208D1012138
:10182000B848FEF7BDFF0021B648FEF7B9FF36E025
:10183000B54884420AD10121B248401CFEF7B0FFEE
:101840000021B048401CFEF7ABFF28E0AF488442BF
:101850000AD10121AB48801CFEF7A2FF0021A94854
:10186000801CFEF79DFF1AE0A94884420AD101219D
:10187000A448C01CFEF794FF0021A248C01CFEF73C
:101880008FFF0CE0A348844209D101219D48001D2F
:10189000FEF786FF00219B48001DFEF781FF10BD6B
:1018A00010B501214FF44020FEF77AFF00214FF4DC
:1018B0004020FEF775FF10BDF0B50A461588ABB2A3
:1018C0009579032D01D100241AE0957965B95579F0
:1018D00005F00F045579182D01D1036110E05579F9
:1018E000282D0DD143610BE0957905F00805167997
:1018F00006F004063543D67906F0030645EA0604E9
:10190000DDB2A5B1002110E001258D401D405DB183
:1019100005688F000F26BE40B543056005688E0040
:1019200004FA06F635430560491C0829ECD3FF2B61
:1019300015DD1B12002110E001258D401D405DB119
:1019400045688F000F26BE40B543456045688E0050
:1019500004FA06F635434560491C0829ECD3F0BD6E
:101960004FF6FF7101600021817101710421417105
:101970000121C17170470246002093680B408B42E1
:1019800000D000E0012070470146886880B27047AF
:1019900002460020D3680B400BB1012000E000207C
:1019A00070470146C86880B2704701617047416165
:1019B000704710B5C26821EA020302EA010443EA53
:1019C0000443036110BD0AB1016100E04161704749
:1019D000C16070474FF480320A4382618161826145
:1019E0008269826970471AB1C36B0B43C36302E01B
:1019F000C36B8B43C363704702460020464B186895
:101A000000F0800040EA0210084318607047424925
:101A1000096860F3C711404A11607047F0B50C4681
:101A20003D4F07EB1062C0F30741C0F30725C6B274
:101A3000C5F12007A7EB010C4FF0FF3707FA0CF3B5
:101A4000C5F120077F1AFB40CB408B4017689F43AE
:101A500017602CB106FA01FC176847EA0C071760FB
:101A6000F0BD10B500228B071C0F0F2303FA04F200
:101A70008B1033B1012B13D0022B20D0032B3CD180
:101A80002CE0254B9B689343234CA36023469B6823
:101A90008C07240F00FA04F423431F4CA3602DE0AD
:101AA0001D4BDB6893431C4CE3602346DB688C07CB
:101AB000240F00FA04F42343174CE3601EE0164B96
:101AC0001B699343144C236123461B698C07240F25
:101AD00000FA04F42343104C23610FE00E4B5B69C2
:101AE00093430D4C636123465B698C07240F00FA16
:101AF00004F42343084C636100E000BF00BF10BD45
:101B00000008014002000C00000C014000100140E0
:101B100000140140001801400000014000BFBFF365
:101B20004F8F5E48006800F4E0605D490843001D87
:101B30005A490860BFF34F8F00BF00BF00BFFDE7E9
:101B40002DE9F0470B4614464FF0000C00BF534AF6
:101B50001268C2F302211D4626460A46C2F1070951
:101B6000B9F1040F02D94FF0040901E0C2F10709ED
:101B7000C84602F10409B9F1070F02D24FF000097B
:101B800001E0A2F103094F464FF0010909FA08F9F3
:101B9000A9F1010909EA050909FA07F94FF0010A53
:101BA0000AFA07FAAAF1010A0AEA060A49EA0A0940
:101BB000CC4601466246002904DB15072E0E394D3E
:101BC0006E5407E015072F0E344D0C3501F00F064B
:101BD000361FAF5500BF014600290DDB00BF00BF17
:101BE00001F01F050122AA404D09AD0005F1E025D5
:101BF000C5F8002100BF00BF00BFBDE8F08710B5E9
:101C00000146084600280BDB00F01F0301229A4022
:101C1000254B440943F82420BFF34F8FBFF36F8F48
:101C200000BF10BD00BF00F007021C4B19684FF643
:101C3000FF0319401A4B0B4343EA0221174B19606B
:101C400000BF7047194A0A400243144B1B1F1A6019
:101C5000704739B1114A121D126802430F4B1B1D08
:101C60001A6006E00D4A121D126882430B4B1B1DC1
:101C70001A607047042808D14FF0E021096941F04B
:101C800004014FF0E022116107E04FF0E021096903
:101C900021F004014FF0E022116170470CED00E0EB
:101CA0000000FA0500E400E080E100E080FFFF1F93
:101CB00010B50446F848844208D10121F748FEF7E0
:101CC0006FFD0021F548FEF76BFDA3E0B4F1804FF6
:101CD00009D101210805FEF763FD00214FF48010B2
:101CE000FEF75EFD96E0EE48844208D101218012A5
:101CF000FEF756FD0021A012FEF752FD8AE0E948EA
:101D0000844208D101218012FEF74AFD0021A01271
:101D1000FEF746FD7EE0E448844208D101218012AE
:101D2000FEF73EFD0021A012FEF73AFD72E0DF480B
:101D3000844208D101218012FEF732FD0021A01259
:101D4000FEF72EFD66E0DA48844208D101218012B8
:101D5000FEF726FD0021A012FEF722FD5AE0D5482D
:101D600084420AD10121CD48801CFEF719FD0021D3
:101D7000CA48801CFEF714FD4CE0CF4884420AD1CB
:101D80000121C6480830FEF70BFD0021C34808308A
:101D9000FEF706FD3EE0C94884420AD10121BF4852
:101DA0000930FEF7FDFC0021BC480930FEF7F8FCC5
:101DB00030E0C34884420AD10121B8480A30FEF716
:101DC000EFFC0021B5480A30FEF7EAFC22E0BD48EE
:101DD000844208D101218012FEF7E2FC0021A0120A
:101DE000FEF7DEFC16E0B848844208D101218012DB
:101DF000FEF7D6FC0021A012FEF7D2FC0AE0B348A1
:101E0000844207D101218012FEF7CAFC0021A012F2
:101E1000FEF7C6FC10BD026861F300020260704765
:101E20000021017041708170C17001714171817137
:101E30007047002101704170012181700021C17043
:101E400070470021017041708170C1700171417152
:101E500081717047C1628262436923F001035B1C98
:101E600043617047026861F30922026070470268AB
:101E700061F3061202607047026B61F307020263AE
:101E80007047416270470146486A704781627047F7
:101E90000146886A70472DE9F04100260027002599
:101EA00001F108035C1C92F801C00CFA03FC1FFA54
:101EB0008CF692F802C00CFA04FC1FFA8CF7D0F8EA
:101EC00004804FF0010C0CFA04FC28EA0C08C0F85E
:101ED0000480D0F804C04CEA070CC0F804C0D0F865
:101EE00004804FF0010C0CFA03FC28EA0C08C0F83F
:101EF0000480D0F804C04CEA060CC0F804C00D46BB
:101F00004B004FF0020C0CEB41044FF0010808FAB3
:101F100004F8D0F820C02CEA080CC0F820C04FF01C
:101F2000010C0CFA03FCD0F8208028EA0C08C0F859
:101F3000208035B1022D13D0042D20D0062D3CD1A8
:101F40002CE0D0F818C02CF0030CC0F818C092F8A0
:101F50000080D0F818C068F3061CC0F818C02DE047
:101F6000D0F818C02CF4407CC0F818C092F800805B
:101F7000D0F818C068F30E3CC0F818C01EE0D0F8C6
:101F80001CC02CF0030CC0F81CC092F80080D0F8E4
:101F90001CC068F3061CC0F81CC00FE0D0F81CC0C1
:101FA0002CF4407CC0F81CC092F80080D0F81CC013
:101FB00068F30E3CC0F81CC000E000BF00BF4FF04B
:101FC000010C0CEB41034FF0030C0CEB410492F8B5
:101FD00003C00CFA03FC1FFA8CF692F804C00CFA4A
:101FE00004FC1FFA8CF74FF0010C0CFA04FCD0F83B
:101FF000208028EA0C08C0F82080D0F820C04CEAE5
:10200000070CC0F820C04FF0010C0CFA03FCD0F80C
:10201000208028EA0C08C0F82080D0F820C04CEAC4
:10202000060CC0F820C092F805C04FEA41080CFA2F
:1020300008FC1FFA8CF692F806C04FF0020808EB75
:1020400041080CFA08FC1FFA8CF7D0F820C04CEAC3
:10205000070CC0F820C0D0F820C04CEA060CC0F82D
:1020600020C0BDE8F08110B50B4633B1022B09D07A
:10207000042B0CD0062B30D12AE0846962F30614BD
:1020800084612BE0846962F30E34846126E0C469C4
:1020900062F30614C46121E0002C01400B000C0027
:1020A0000004004000080040000C00400010004008
:1020B0000014004000340140004C01400050014039
:1020C0000054014000180040001C00400020004067
:1020D000C46962F30E34C46100E000BF00BF10BDEC
:1020E000C16270470146C86A70470B4633B1022B84
:1020F00006D0042B06D0062B08D105E0426306E08B
:10210000826304E0C26302E0026400E000BF00BF3B
:10211000704710B5024600200B4633B1022B06D0A3
:10212000042B06D0062B08D105E0506B06E0906B1F
:1021300004E0D06B02E0106C00E000BF00BF10BDF7
:10214000026861F3C7120260704710B50B4633B1E5
:10215000022B09D0042B0CD0062B14D10EE084697D
:1021600062F3C30484610FE0846962F3CB24846169
:102170000AE0C46962F3C304C46105E0C46962F3A0
:10218000CB24C46100E000BF00BF10BD10B50B46FA
:1021900033B1022B09D0042B0CD0062B14D10EE046
:1021A000846962F3820484610FE0846962F38A24A3
:1021B00084610AE0C46962F38204C46105E0C46911
:1021C00062F38A24C46100E000BF00BF10BD10B5F7
:1021D0000B4633B1022B09D0042B0CD0062B14D1A3
:1021E0000EE0846962F3C71484610FE0846962F3CE
:1021F000CF3484610AE0C46962F3C714C46105E0A6
:10220000C46962F3CF34C46100E000BF00BF10BDF9
:10221000026861F3C30202607047B0F1804F02D0E0
:10222000F74A904203D1026861F38A220260704744
:10223000026861F3820202607047026861F3410242
:102240000260704730B500230B7833B1022B27D0E2
:10225000042B48D0062B7DD169E0046A24F00104E8
:1022600004624D78046A65F3410404624C786508A1
:10227000046A65F3C30404628D78846965F301041C
:102280008461CD78846965F307148461846962F39D
:1022900083048461046A24F00104641C046267E01E
:1022A000046A24F0100404624D78046A65F345144E
:1022B00004624C786508046A65F3C71404628D787B
:1022C000846965F309248461CD78846965F30F34EA
:1022D0008461846962F38B248461046A24F01004AD
:1022E0001034046244E0046A24F4807404624D787B
:1022F000046A65F3492404624C786508046A65F34E
:10230000CB2404628D78C46965F30104C461CD787F
:10231000C46965F30714C461C46962F38304C461CA
:10232000046A24F4807404F58074046220E0046A72
:1023300024F4805404624D78046A65F34D340462D9
:102340008D78C46965F30924C461CD78C46965F3E7
:102350000F3400E00BE0C461C46962F38B24C461F4
:10236000046A24F4805404F58054046200E000BF41
:1023700000BF30BD10B50B46072B28D2DFE803F0B5
:1023800004090E13181D2200046A62F3000404629B
:102390001EE0046A62F38204046219E0046A62F3D4
:1023A0000414046214E0046A62F3861404620FE009
:1023B000046A62F3082404620AE0046A62F38A246D
:1023C000046205E0046A62F30C34046200E000BFBA
:1023D00000BF10BD10B50B4633B1022B09D0042B42
:1023E0000CD0062B14D10EE0846962F307148461CB
:1023F0000FE0846962F30F3484610AE0C46962F318
:102400000714C46105E0C46962F30F34C46100E0DD
:1024100000BF00BF10BD30B500230B7813B1022BF5
:102420007ED159E0046A24F001040462046A24F0B5
:10243000100404624C784CB9046A24F0020404626B
:10244000046A24F02004203404620BE04C78012C50
:1024500008D1046A24F00204A41C0462046A24F073
:10246000200404628C78012C0BD1846924F00304CD
:10247000641C8461846924F4407404F500748461EC
:102480000DE08C78022C0AD1846924F00304A41C8A
:102490008461846924F4407404F580748461CD7887
:1024A000846965F307148461CD78846965F30F341A
:1024B0008461846962F383048461846962F38B2498
:1024C0008461046A24F00104641C0462046A24F038
:1024D0001004103404625CE0046A24F00104046215
:1024E000046A24F0100404624C784CB9046A24F0A5
:1024F00020040462046A24F00204A41C04620BE0B9
:102500004C78012C08D1046A24F0200420340462A1
:10251000046A24F0020404628C78012C0DD100E0DE
:1025200036E0846924F4407404F58074846184691D
:1025300024F00304A41C84610DE08C78022C0AD1E1
:10254000846924F4407404F500748461846924F07F
:102550000304641C8461CD78846965F30714846185
:10256000CD78846965F30F348461846962F38304F0
:102570008461846962F38B248461046A24F0010419
:10258000641C0462046A24F010041034046200E045
:1025900000BF00BF30BD426861F3C71242607047A0
:1025A00010B50B4633B1022B09D0042B0CD0062BEF
:1025B00014D10EE0846962F3830484610FE08469BE
:1025C00062F38B2484610AE0C46962F38304C4610A
:1025D00005E0C46962F38B24C46100E000BF00BF62
:1025E00010BD426861F3061242607047826861F371
:1025F000020282607047426861F3C3024260704722
:10260000000C0040426861F38202426070474268F9
:1026100061F3000242607047826861F306128260D3
:102620007047826861F3C71282607047012A03D144
:10263000C3680B43C36003E012B9C3688B43C36034
:102640007047012A03D1C3680B43C36003E012B98A
:10265000C3688B43C36070470246002013690B4078
:1026600023B1D3680B400BB1012000E0002070477C
:102670000246002013690B400BB1012000E000204E
:102680007047CA430261704742690A43426170471A
:10269000426C61F3CF3242647047816821F00701D8
:1026A0008160704710B50B46072B28D2DFE803F096
:1026B0000418091D0E221300046A62F34104046227
:1026C0001EE0046A62F34514046219E0046A62F3CE
:1026D0004924046214E0046A62F34D3404620FE09A
:1026E000046A62F3C30404620AE0046A62F3C71472
:1026F000046205E0046A62F3CB24046200E000BFD8
:1027000000BF10BD10B5846861F30D348460846827
:1027100062F3CF348460846863F30B24846010BD5B
:10272000F0B504460D4616461F463B46324629463E
:102730002046FFF7E7FFA06820F00700C01DA0605B
:10274000A06820F070007030A060F0BDF0B50446C5
:102750000D4616461F463B46324629462046FFF7A1
:10276000D1FFA06820F4804000F58040A060F0BD5B
:1027700030B5846861F302048460046A24F00104C3
:102780000462046A24F010040462046A62F34104DF
:1027900004625510046A65F3C3040462846924F07A
:1027A0000304641C8461046A63F3451404625D10CD
:1027B000046A65F3C7140462846924F4407404F560
:1027C0008074846130BD10B50B4633B1022B09D043
:1027D000042B0CD0062B14D10EE0846962F306148E
:1027E00084610FE0846962F30E3484610AE0C46995
:1027F00062F30614C46105E0C46962F30E34C46177
:1028000000E000BF00BF10BD836C61F30C23836444
:10281000836C62F30403836470478B79426C63F3C7
:102820000C3242640B78426C63F3070242644B79CA
:10283000426C63F38A2242640B79426C63F3CB22CD
:1028400042644B78426C63F34D324264CB78426C05
:1028500063F38E3242648B78426C63F309224264E4
:102860007047000010B50446F148844208D10121A8
:10287000F048FDF795FF0021EE48FDF791FF4AE093
:10288000ED48844208D101218012FDF789FF002123
:10289000A012FDF785FF3EE0E848844208D10121FF
:1028A0008012FDF77DFF0021A012FDF779FF32E0D5
:1028B000E348844208D101218012FDF771FF002115
:1028C000A012FDF76DFF26E0DE48844208D1012109
:1028D0008012FDF765FF0021A012FDF761FF1AE0ED
:1028E000D94884420AD10121D2480A30FDF758FF65
:1028F0000021D0480A30FDF753FF0CE0D348844252
:1029000009D10121CB480B30FDF74AFF0021C9480E
:102910000B30FDF745FF10BD2DE9F04385B00446AF
:102920000F46904699466846FEF7B9F8C04884427B
:1029300005D0C548844202D0C448844201D1029ED9
:1029400000E0039E06EB86004000B0FBF7F50A208E
:10295000B5FBF0F100FB1150052803D20A20B5FBAE
:10296000F0F503E00A20B5FBF0F0451CA06865F324
:102970000F00A060E06868F30C30E060206969F344
:102980000D30206105B0BDE8F08341B9C26822F482
:102990000072C260C26822F48062C2601AE001293B
:1029A0000AD1C26822F40072C260C26822F4806256
:1029B00002F58062C2600DE002290BD1C26822F4E8
:1029C000007202F50072C260C26822F4806202F5F1
:1029D0008062C2607047C26861F34D32C260704766
:1029E000C26861F3C302C2607047C26861F38202C9
:1029F000C260704710B5046961F38A2404610469F8
:102A000062F349240461046963F30824046110BD7E
:102A1000026961F3CB220261704730B5012A0BD104
:102A200000EB11431B6801F01F050124AC40234358
:102A300000EB114423600AE000EB11431B6801F036
:102A40001F050124AC40A34300EB1144236030BDBB
:102A5000426961F3C71242617047426961F38612AD
:102A600042617047026961F3030202617047C26804
:102A700061F3CB22C2607047C26861F34102C26059
:102A80007047026961F3451202617047026961F3A0
:102A90008E3202617047C1F30802426070470146FE
:102AA000486880B27047C16821F00101491CC160CB
:102AB0007047826961F30F2282617047826961F316
:102AC000070282617047426961F3451242617047B3
:102AD000426961F3041242617047426961F3C302C3
:102AE00042617047426961F3410242617047426945
:102AF00061F382024261704741B9426922F48072F7
:102B00004261426922F40072426127E001290AD140
:102B1000426922F4807202F580724261426922F4B5
:102B2000007242611AE002290AD1426922F48072DD
:102B30004261426922F4007202F5007242610DE0C6
:102B400003290BD1426922F4807202F5807242613E
:102B5000426922F4007202F5007242617047024637
:102B60001068084008B1012070470020FCE70246C9
:102B70000023202927D00CDC042939D004DC0129CA
:102B80003BD002293DD134E0082920D0102938D18A
:102B90002AE0402913D080290DD0B1F5807F06D0DE
:102BA000B1F5007F2DD15069C0F380232BE010696F
:102BB000C0F3801327E0D068C0F3C01323E0D068CF
:102BC000C0F380131FE0D068C0F340131BE0D0684F
:102BD000C0F3401018B9506900F0010008B101209D
:102BE00000E0002003460EE0D068C0F300130AE0C6
:102BF00000BF506900F0010305E0D068C0F3002376
:102C000001E0002300BF00BF012B01D0002070476E
:102C10001068084008B10120F9E70020F7E701F04B
:102C20001F0212B10268426801E0CA4302607047A5
:102C3000003801400E000C000044004000480040F5
:102C4000004C004000500040006001400064014022
:102C500029480068704730B5284800684FF47A72F8
:102C6000B0FBF2F1481EB0F1807F00D31BE0481E9C
:102C70004FF0E022506150170F22002804DB1307A9
:102C80001C0E1F4B1C5406E013071D0E1D4B00F0BD
:102C90000F04241F1D5500BF00204FF0E02290615B
:102CA0000720106100BF30BD134A116800BF124AEF
:102CB0001268521A8242FAD3704730B50346002593
:102CC00000244FF4FA7093FBF0F0C5B24FF4FA70A1
:102CD00093FBF0F100FB113084B205E04FF4FA7081
:102CE000FFF7E2FF681EC5B2002DF7D114B12046F0
:102CF000FFF7DAFF30BD00000800002000000020D0
:102D000000E400E018ED00E01CB504460121854810
:102D1000FDF727FD012183480C30FDF722FD6846B1
:102D2000FEF71EFE08208DF8060000208DF8040036
:102D300004208DF8050001208DF807004002009066
:102D400069467948FEF7B8FD00208DF8060004209A
:102D50008DF805000002009069467348FEF7ACFD4F
:102D600000231A4621467148FFF7D6FD01216F481E
:102D7000FFF736FE01216D48FFF737FE01216B4852
:102D8000FFF729FE01226A496848FFF746FE022242
:102D900000212520FEF7D4FE1CBD1CB504460121F0
:102DA0006048FDF7DEFC01216248FDF7DAFC684669
:102DB000FEF7D6FD08208DF8060000208DF80400EF
:102DC00004208DF8050001208DF8070004200090F4
:102DD00069465548FEF770FD00208DF80600042076
:102DE0008DF805000820009069464F48FEF764FD05
:102DF00000231A4621465048FFF78EFD01214E4818
:102E0000FFF7EEFD01214C48FFF7EFFD01214A4895
:102E1000FFF7E1FD1CBD1CB5044601214148401CE3
:102E2000FDF79FFC01214348401CFDF79AFC6846D2
:102E3000FEF796FD08208DF8060000208DF80400AE
:102E400004208DF8050001208DF807008002009015
:102E500069463A48FEF730FD00208DF8060018203C
:102E60008DF805004FF40060009069463348FEF786
:102E700023FD00231A4621463148FFF74DFD01216D
:102E80002F48FFF7ADFD01212D48FFF7AEFD0121D1
:102E90002B48FFF7A0FD012225492948FFF7BDFD7A
:102EA000002211462720FEF74BFE1CBD2DE9F04104
:102EB00007460C46154600260DE014F8011B38465F
:102EC000FFF7E9FD00BF40213846FFF748FE002824
:102ED000F9D0701C86B2AE42EFDBBDE8F0810FB4D2
:102EE00038B50546174C06A800904FF4806120467F
:102EF000009B059A04F0ACFC002000900BE014F855
:102F0000011B2846FFF7C7FD00BF40212846FFF7F9
:102F100026FE0028F9D020780028F0D138BC5DF8D2
:102F200014FB0000020018000008014000380140B6
:102F300005000C0011001C0000440040000C014082
:102F4000004800406000002070B5002491E0092C8A
:102F500018D2DFE804F00507090B0D0F1113150057
:102F6000FD4D10E0FD4D0EE0FD4D0CE0FD4D0AE085
:102F7000FD4D08E0FD4D06E0FD4D04E0FD4D02E095
:102F8000FD4D00E000BF00BF284604F0C0F804EB90
:102F90004401FA4A02F82100A81C04F0B8F804EB36
:102FA0004401F64A02EB81014870281D04F0AFF895
:102FB00004EB4401F14A02EB81018870A81D04F082
:102FC000A6F804EB4401ED4A02EB8101C87005F15B
:102FD000080004F09CF804EB4401E84A02EB81018C
:102FE000087105F10A0004F092F804EB4401E34A89
:102FF00002EB8101487105F10C0004F088F804EB44
:103000004401DE4A02EB8101887105F10E0004F0F3
:103010007EF804EB4401D94A02EB8101C87105F145
:10302000100004F074F804EB4401D44A02EB81016F
:10303000087205F1120004F06AF804EB4401CF4A6B
:1030400002EB8101487205F1140004F060F804EB12
:103050004401CA4A02EB8101887205F1160004F0AE
:1030600056F804EB4401C54A02EB8101C872601CAA
:10307000C4B2082C7FF76BAF70BD10B5FFF764FFCB
:103080000024FF20BE49087000BF70E0BD480078F2
:1030900004EB4401B94A12F82110884265D1B948BD
:1030A000407804EB440102EB8101497888425CD10D
:1030B000B448807804EB440102EB810189788842AE
:1030C00053D1B048C07804EB440102EB8101C978C8
:1030D00088424AD1AB48007904EB440102EB8101FC
:1030E0000979884241D1A748407904EB440102EBB9
:1030F00081014979884238D1A248807904EB4401A2
:1031000002EB8101897988422FD19E48C07904EB76
:10311000440102EB8101C979884226D19948007A9D
:1031200004EB440102EB8101097A88421DD19548E4
:10313000407A04EB440102EB8101497A884214D1C0
:103140009048807A04EB440102EB8101897A88423D
:103150000BD18C48C07A04EB440102EB8101C97A9F
:10316000884202D18648047010BD601CC4B2082C8D
:103170008CDD002458E004EB4400804911F8200065
:10318000FF284FD104EB440001EB80004078FF287A
:1031900048D104EB440001EB80008078FF2841D146
:1031A00004EB440001EB8000C078FF283AD104EB27
:1031B000440001EB80000079FF2833D104EB440088
:1031C00001EB80004079FF282CD104EB440001EB97
:1031D00080008079FF2825D104EB440001EB8000BA
:1031E000C079FF281ED104EB440001EB8000007A77
:1031F000FF2817D104EB440001EB8000407AFF2840
:1032000010D104EB440001EB8000807AFF2809D143
:1032100004EB440001EB8000C07AFF2802D158483B
:103220000470A1E7601CC4B2082CA4DD0920544935
:10323000087000BF98E710B5FDF7C2F901210846F4
:10324000FDF7ECFA00BFFDF75CFA0028FBD0002286
:1032500007210120FDF7C8FB01210220FDF7DEFA5E
:1032600000BF1920FDF7E2F90128FAD10020FDF78F
:1032700076FB0020FDF781FB0020FDF777FB0120A6
:10328000FDF7AFFC0220FDF7EAFB00BFFDF702FCF3
:103290000228FBD10020FDF7A4FCFDF7F1F810BDDA
:1032A00010B53948006840F4700037490860FFF7EE
:1032B000C2FF0320FEF7B6FCFFF7CDFC4FF4E13070
:1032C000FFF722FD4FF4E130FFF767FD4FF4E130E7
:1032D000FFF7A1FD03F002FE03F027FDFFF734FE28
:1032E00010BD92B00024FF227821244804F001FE92
:1032F000FFF7D6FF01F074FC03F0EFFB23A20121DE
:10330000084603F036FC25A20121022003F031FC1F
:1033100000200F901090119023A00F902DA01090DE
:1033200003E04FF4FA70FFF7BFFC0FA801F0E5FBD4
:103330000028F6D129A20121032003F01AFC2BA2B8
:103340000121042003F015FC4FF4FA70FFF7ACFCE8
:1033500003F0C3FB52E0000000D0010800D80108D0
:1033600000E0010800E8010800F0010800F8010889
:103370000000020800080208001002089204002061
:103380000F000020500D002088ED00E0436F6E6EAE
:10339000656374204D515454730000005365727678
:1033A00065722E2E2E00000041542B434950535479
:1033B0004152543D22544350222C223139322E3175
:1033C00036382E3139392E313030222C31383833DD
:1033D0000D0A0000434F4E4E45435400436F6E6E3E
:1033E000656374204D51545420000000536572767B
:1033F000657220537563636573730000D7A2012162
:10340000084603F0B6FBAFF260000F90AFF23C004D
:10341000109001208DF8440006E00FA801F06DFB2C
:103420004FF4FA70FFF740FC00F010FA0028F4D1D6
:10343000CFA20121032003F09CFB00F0EDFC03F080
:103440004CFB77E1CE48007800287DD0CD4AD2E908
:1034500000109268CDE90D020C9103230CAA012102
:10346000084603F0F5FCC8A20721012003F081FB08
:1034700004F06BF803F071FFFFF766FD04F0CFF87E
:10348000012875D104F0E0F80128FAD1BF4890F97D
:103490000010BF4803F06EFE0028F2D1BC48C07A8D
:1034A000BB49897ABA4A527AB94B1B7ACDE90632BE
:1034B000CDE90810B648C1798079B54A5279B44B44
:1034C0001B79CDE90232CDE90401B148C078B04999
:1034D0008978CDE90010AE4843780278ADA1BA48AA
:1034E00004F0D0F9A7490C3103C9CDE90A01022340
:1034F0000AAA0121184603F0ABFCB4A20521022060
:1035000003F037FBB04A0121032003F032FB002512
:10351000FFF7B3FDAE48007808281CDD994B143343
:10352000D3E901211868DB68CDE90813CDE906026B
:10353000042306AA0121184603F08AFC0320A549AA
:1035400008700420A44900E064E00870012100072D
:10355000FEF761FC5CE09E480078092819D2DFE89C
:1035600000F005080A0C0E10121416009B4D11E015
:103570004FE09B4D0EE09B4D0CE09B4D0AE09B4DB8
:1035800008E09B4D06E09B4D04E09B4D02E09B4D07
:1035900000E000BF00BF012099490870084600897B
:1035A0008B490A78012191400843954908810846D2
:1035B000807A401C88727649284603F04AFDFFF75E
:1035C000C3FC03208349087004208349087001214B
:1035D0000007FEF720FC6D4890F900007C4909784F
:1035E000C1EB0111874A02EBC101486778480078B6
:1035F00077490978C1EB011102F831007449097863
:10360000C1EB011102EBC101481C6F4904F060FBE2
:1036100000BF10E05B4B2433D3E901021968DB687B
:10362000CDE90D23CDE90B1004230BAA0121084697
:1036300003F00EFC00BF7448007860B16648017862
:103640006448007803F01BFC00206349087061495E
:1036500008706D4908706D480068401CA0B16B4847
:103660006BA102686F48FFF73AFC684800685B4945
:1036700001EBC025284603F050FDFFF765FC4FF035
:10368000FF306249086000BFFFF7E2FA5C49496811
:10369000401A4EF6602188420DD35948007850B93F
:1036A00000F0DFFBFFF7D4FA554948605E48006838
:1036B000401C5D4908605248007858B100F05EFA3D
:1036C00000204F49087058480068401C564908605F
:1036D00001F0F4F9544800680A2823DB53A151484B
:1036E000FFF7FDFB01F07CFAAFF244300F90AFF230
:1036F0001C30109000208DF8440006E00FA801F067
:10370000FCF94FF4FA70FFF7CFFA00F09FF80028A9
:10371000F4D14AA14348FFF7E2FB00204249086088
:1037200003F0DBF9002001F034FA044614B120461E
:1037300000F0AAFB86E610B501218807FEF78CFF92
:1037400001280AD13049087001218007FEF799FF4E
:1037500000214FF08040FEF75EFB10BD44657669A6
:103760006365206C6F67696E202E2E2E00000000AE
:103770006C6F67696E2066696E697368000000008F
:103780001800002070B400082E2E2E0041000020EA
:10379000500D00202530325825303258253032580F
:1037A000253032582530325825303258253032589D
:1037B000253032582530325825303258253032588D
:1037C0002530325820000000600400203A0000003C
:1037D0000F0000200C0000200D00002000D0010888
:1037E00000D8010800E0010800E8010800F0010825
:1037F00000F8010800000208000802080010020892
:10380000440900200C0500200E00002010000020BC
:103810005265777269746520464C41534825640DA2
:103820000A00000000440040140000204469736353
:103830006F6E6E6563740D0A00000000436F6E6E5C
:1038400065637420616761696E0D0A0030B5B3B0BD
:1038500000202F9030903190329001252FA8002128
:1038600002910391CDE90410084601213C23DDA219
:10387000CDE9001007A9DCA000F0EEFC002842D141
:10388000309A91B22F9801F063F9FA2001F081F992
:103890000446002C33D0204600F0B0FC02282ED184
:1038A000204600F03EFE062823D2DFE800F00309A0
:1038B0000E13181DCDA1D448FFF711FB00251DE004
:1038C000D2A1D148FFF70BFB18E0DDA1CE48FFF7EE
:1038D00006FB13E0E8A1CC48FFF701FB0EE0F54939
:1038E000C948FFF7FCFA09E0F349C748FFF7F7FAC0
:1038F00004E0F2A1C448FFF7F2FA00BF00BF2FA80E
:1039000000F034FC03E0F9A1BF48FFF7E8FA2846CD
:1039100033B030BD30B58DB00546302101A804F07C
:1039200012FBFB48827AFBA101A803F0ABFF01A9BF
:10393000284604F05BFAF648807A00287EDDF448D9
:10394000008900287AD0002407E1F148008901218C
:10395000A140084000287DD0ED48807A012879DD1B
:10396000302101A804F0EFFA621CF2A101A803F0D3
:1039700089FF01A9284604F039FA302101A804F092
:10398000E2FA621CF1A101A803F07CFF01A928461C
:1039900004F02CFAC4EB0410EF4901EBC000406FB7
:1039A00088B1302101A804F0CEFAC4EB0410EA4932
:1039B00001EBC000E9A1426F01A803F063FF01A978
:1039C000284604F013FA302101A804F0BCFAC4EB35
:1039D0000410E14901EBC00000F14102E2A101A89D
:1039E00003F050FF01A9284604F000FA302101A895
:1039F00004F0A9FAC4EB0410D74901EBC00000F1B0
:103A00005102DDA101A803F03DFF01A9284604F001
:103A1000EDF9302101A804F096FAC4EB0410CE4968
:103A200001EBC000421CD8A101A803F02BFF01A9A3
:103A3000284604F0DBF9B648008901E090E009E08F
:103A40000121A1408843B24908810846807A401E7E
:103A5000887280E0AE4801890120A0400140002921
:103A600079D0AB48807A012875D1302101A804F0C3
:103A70006AFA621CAFA101A803F004FF01A928465D
:103A800004F0B4F9302101A804F05DFA621CAFA182
:103A900001A803F0F7FE01A9284604F0A7F9C4EB3A
:103AA0000410AD4901EBC000406F88B1302101A87E
:103AB00004F049FAC4EB0410A74901EBC000A7A128
:103AC000426F01A803F0DEFE01A9284604F08EF93A
:103AD000302101A804F037FAC4EB04109E4901EB31
:103AE000C00000F14102A0A101A803F0CBFE01A992
:103AF000284604F07BF9302101A804F024FAC4EB35
:103B00000410954901EBC00000F151029AA101A8EF
:103B100003F0B8FE01A9284604F068F9302101A895
:103B200004F011FAC4EB04108B4901EBC000421CF5
:103B300099A101A803F0A6FE01A9284604F056F9B0
:103B4000734801890120A040814371480181807A36
:103B5000401E6F498872601CC4B2092CFFF6F5AE96
:103B60008CA1284604F042F92A468FA12648FFF787
:103B7000B6F9284604F0D0F80DB030BD30B5ADF53B
:103B8000057D002081908290839084900024002500
:103B90004FF4007101A804F0D6F901A8FFF7BAFEAE
:103BA0000446002C1BD081A8002322B20DA1009056
:103BB0000DA000F0A1FD98B907E001A8415D829A2F
:103BC000501C8290819881546D1CA542F5D3829A35
:103BD00091B2819800F0BCFF81A800F0C7FAEDE037
:103BE000E8E00000740000003900000054697073C0
:103BF0003A09EFBFBDEFBFBDEFBFBDD3B3C9B9EF4A
:103C0000BFBD0D0A00000000004400405741524E65
:103C10003A09EFBFBDEFBFBDEFBFBDEFBFBDCAA744
:103C2000EFBFBDDCA3EFBFBDD0ADEFBFBDEFBFBDEC
:103C3000EFBFBDEFBFBDEFBFBD5C720A000000006B
:103C40005741524E3A09EFBFBDEFBFBDEFBFBDEFC9
:103C5000BFBDCAA7EFBFBDDCA3EFBFBDEFBFBDC7F0
:103C6000B7EFBFBDEFBFBDEFBFBD636C69656E74DD
:103C700069640D0A000000005741524E3A09EFBF37
:103C8000BDEFBFBDEFBFBDEFBFBDCAA7EFBFBDDC7E
:103C9000A3EFBFBDEFBFBDEFBFBDEFBFBDEFBFBD6A
:103CA000EFBFBDEFBFBDCAA7EFBFBDEFBFBD0D0AE0
:103CB000000000003CC70008ECC600084552523A1C
:103CC00009EFBFBDEFBFBDEFBFBDEFBFBDCAA7EFDF
:103CD000BFBDDCA3EFBFBDCEB4D6AAEFBFBDEFBF63
:103CE000BDEFBFBDEFBFBD0D0A0000005741524EF2
:103CF0003A094D5154545F5061636B6574436F6E64
:103D00006E656374204661696C65640D0A0000008D
:103D1000440900207B2273656E645F6E756D626579
:103D200072223A25642C22706172616D73223A7B93
:103D300000000000226F626A6563742564223A7B8A
:103D40002276616C7565223A7B000000226964224C
:103D50003A25642C000000000C0500202252535329
:103D600049223A25642C0000226E616D65223A22B8
:103D70002573222C00000000226E6F7465223A2207
:103D80002573222C000000002263617264223A2213
:103D90002573222C7D7D00002263617264223A2209
:103DA0002573227D7D0000006275663A25730D0A39
:103DB0000000000089A19148FFF791F80DF5057DFD
:103DC00030BD70B588B005460C46002004900590C3
:103DD0000690079023462A4689A18848FFF77FF876
:103DE000204603F099FF064604A801210022009214
:103DF0003346CDE901210390224629460A2000F0EE
:103E00009FFB38B9059A91B2049800F0A1FE04A86E
:103E100000F0ACF908B070BD00B595B0002011906D
:103E200012901390149003A802907DA2382103F001
:103E30003FFD03AA7EA17148FFF751F811A80123A5
:103E400002AA00210090142000F076FC38B9129AE2
:103E500091B2119800F07CFE11A800F087F915B01E
:103E600000BD1FB5002000900190029003906846AD
:103E700000F00CFE38B9019A91B2009800F068FE8B
:103E8000684600F073F91FBD2DE9F04F89B08046F8
:103E90000020089007900690059004908146002726
:103EA000404600F0ABF98146B9F1030F09D0B9F1F2
:103EB000040F5FD0B9F1090F69D0B9F10D0F7FD1AF
:103EC00074E0614804A905AA08ABCDE9002102907D
:103ED00006AA07A9404600F0D1FC0746002F48D1AA
:103EE000089801F043FE824658A1504602F044FA79
:103EF000834658A1584602F03FFA064686B157A1BC
:103F0000304602F039FA0546E868032808D16869A6
:103F1000401E5349086053A138486A69FEF7DFFF25
:103F2000FEF796FE5449486000F0C8FD53A158467C
:103F300002F022FA0446C4B1E068032815D15149C1
:103F400009786069884207D001204F4908704F49BD
:103F5000087004204E490870207D4A4908700846C0
:103F600002784CA12548FEF7BAFF504600F0AEFF9C
:103F700029E000BF404600F07AFD012806D100206C
:103F80004749086047A11D48FEF7A9FF1BE04046CE
:103F900000F05AFC28B94BA11848FEF7A0FF04E036
:103FA0000EE04FA11548FEF79AFF0CE03C48006870
:103FB000401E3B49086051A11048FEF790FF02E007
:103FC0004FF0FF3700BF00BF00F078FD781C10B93C
:103FD00009B0BDE8F08F00BFFAE700005741524E2C
:103FE0003A094544505F4E657742756666657220B2
:103FF0004661696C65640D0A0000000000440040E1
:104000005075626C69736820546F7069633A20253B
:10401000732C204D73673A2025730D0A00000000B1
:1040200061737365742F636F6D6D616E6400000062
:1040300053756273637269626520546F7069633A85
:104040002025730D0A0000001C00002070617261C1
:104050006D73000064656C65746500006964000040
:104060001000002064656C6574652061737365746D
:1040700025640D0A00000000440900207365617288
:1040800063680000180000200E0000200C000020D3
:104090000D0000207365617263683A25640D0A00A3
:1040A00014000020546970733A094D515454205043
:1040B00075626C6973682053656E64204F4B0D0AFE
:1040C00000000000546970733A094D515454205354
:1040D0007562736372696265204F4B0D0A000000C0
:1040E000546970733A094D51545420537562736387
:1040F00072696265204572720D0A0000546970731E
:104100003A094D5154542070696E67204F4B0D0A87
:104110000000000070B504460E460025206898B9DE
:1041200001202073304603F02FFB20602068E0B1AF
:1041300000206060A66003E00020216848556D1CE7
:10414000A068A842F8D810E00220207303E0002005
:10415000216848556D1CA068A842F8D8002060600E
:10416000A068B04201D20020206070BD10B50446A6
:10417000207B012802D1206803F035FB002020605D
:104180006060A060207310BD0246002301230DE093
:1041900002F07F000870D2092AB1087840F0800050
:1041A0000870491C01E0184670475B1C042BEFDDCA
:1041B0004FF0FF30F8E7F0B504460D4626460123E0
:1041C00000201060002114E0775C07F07F07106882
:1041D00007FB03001060705C00F0800008B9481C09
:1041E000F0BDDB01B3F5001F02D36FF00100F7E76C
:1041F000491CA942E8DB4FF0FF30F1E7F8B504466F
:10420000FF2720780511012D01DB0E2D01DD384639
:10421000F8BD032D1DD1002000906A460421601CCA
:10422000FFF7C9FF2044461C0098022803D32078DA
:1042300000F0010008B1FF20EAE77078317840EA29
:104240000120801C0099884201D9FF20E0E7032764
:1042500000E02F463846DBE72DE9FF4F83B082466A
:104260008B469146159C0025002002900F27019057
:10427000484603F051FD0FFA80F8B9F1000F03D161
:10428000012007B0BDE8F08F08F10200384487B282
:10429000109808B145F00205129878B145F0040570
:1042A000129803F039FDC0B20290139803F034FD68
:1042B00001460298001D0844384487B2119820B185
:1042C000012804D0022808D104E000BF07E045F02F
:1042D0000C0504E045F0140501E00220D1E700BF21
:1042E000149808B145F02405BAF1000F02D0BBF1D3
:1042F000000F01D10320C4E745F0C005504603F08C
:104300000BFD0646584603F007FD3044001D3844B7
:1043100087B239462046FFF7FDFE206808B9042021
:10432000AFE73946206803F0ECFD10216268501CAD
:10433000606020688154D4E90023D118781FFFF70A
:1043400023FF00B201900198002804DA2046FFF70D
:104350000DFF052095E76168019808446060002121
:104360006268501C60602068815404216268501C9F
:104370006060206881544D216268501C6060206834
:10438000815451216268501C60602068815454211E
:104390006268501C6060206881546268501C6060D4
:1043A0002068815404216268501C60602068815438
:1043B0006168481C6060206845540698010A62687C
:1043C000501C6060206881540698C1B26268501C1D
:1043D000606020688154C8F307216268501C6060E7
:1043E000206881546268501C6060206800F8028078
:1043F000D4E9001288184246494603F019FC606867
:104400004044606005F00400B8B30026139808B972
:10441000FEA01390129803F07FFC86B2310A626806
:10442000501C6060206881546268501C6060206885
:104430008654D4E9001288183246129903F0F8FB2A
:10444000606830446060139803F066FC86B2310AFD
:104450006268501C6060206881546268501C606013
:1044600020688654D4E9001288183246139903F064
:10447000DFFB60683044606000BF05F08000C8B1B9
:10448000504603F049FC86B2310A6268501C6060F5
:10449000206881546268501C606020688654D4E9AA
:1044A000001288183246514603F0C2FB606830445F
:1044B000606000BF05F04000C8B1584603F02CFC16
:1044C00086B2310A6268501C60602068815462685C
:1044D000501C606020688654D4E900128818324667
:1044E000594603F0A5FB60683044606000BF0020BF
:1044F000C7E610B5044602212046FFF70BFE2068F0
:1045000008B9012010BDE0216268501C606020687D
:10451000815400216268501C606020688154002032
:10452000F0E701464878022801D0012070478878DA
:1045300010B18878012801D1C878F7E7FF20F5E7A6
:104540002DE9FF4F83B0834617469946139C0025FB
:1045500000260020029001908046BBF1000F03D19D
:10456000012007B0BDE8F08F00260AE00498805DC6
:10457000232803D00498805D2B2801D10220F0E786
:10458000761C0498805D0028F0D148F0300811981E
:1045900008B148F0010806EB0900851C109820B10D
:1045A000012804D002280AD105E000BF09E048F044
:1045B0000208AD1C05E048F00408AD1C01E0032032
:1045C000CFE700BF8FB33878022821D14FF0000A1F
:1045D00000BF50460AF1010A385C7D28F9D1AAF1E2
:1045E000030A0AF1070002900298A9EB000AE81CEE
:1045F000A0EB0A012046FFF78DFD206808B90420D2
:10460000AFE7EA1CA2EB0A01206803F07AFC19E08C
:10461000691D2046FFF77EFD206808B90420A0E749
:10462000691D206803F06DFC0CE0FFE7691D204662
:10463000FFF770FD206808B9042092E7691D206823
:1046400003F05FFC6168481C6060206800F801802E
:10465000D4E9000281182846FFF796FD01900198E1
:10466000002804DA2046FFF781FD052079E761681C
:10467000019808446060C6F307216268501C6060BE
:10468000206881546268501C606020688654D4E9B8
:10469000001288183246049903F0CAFA6068304460
:1046A0006060109860B14FEA1B216268501C606026
:1046B000206881546268501C6060206800F802B075
:1046C000C7B1387802280BD1D4E9001288183946CE
:1046D000029A03F097FB616802980844606009E061
:1046E000D4E9001288184A46394603F08BFB60680B
:1046F00048446060002034E72DE9F04190B0064660
:104700000F4614469846169D41A2302104A803F096
:10471000CFF801200021CDE9000123460A4604A973
:10472000CDE902050A20FFF70BFF18B1012010B0F8
:10473000BDE8F0810020FAE72DE9FF5F80461746CB
:1047400099460E9C0026B246B3460025B8F1000FEC
:1047500003D1012004B0BDE8F09F0BE057F825001D
:1047600008B90220F6E757F8250003F0D5FA064409
:10477000681CC5B24D45F1DB09EB4900801C00EB1C
:10478000060A0AF105012046FFF7C4FC206808B9B3
:104790000320DFE782216268501C6060206881543A
:1047A000D4E9000281185046FFF7EEFC0FFA80FBB7
:1047B000BBF1000F04DA2046FFF7D8FC0420C9E75C
:1047C0006068584460604FEA18216268501C60605D
:1047D000206881546268501C6060206800F8028084
:1047E00000252DE057F8250003F096FA0646C6F39B
:1047F00007216268501C6060206881546268501C08
:10480000606020688654D4E9002307E000000000BF
:1048100061737365742F706F73740000D01857F84C
:104820002510324603F004FA606830446060019855
:10483000C1B26268501C606020688154681CC5B2B7
:104840004D45CFDB002085E70146FF208A78A2B9DD
:10485000CA78142A11D10A7932B1012A05D0022A64
:1048600004D0802A06D103E000BF00BF002003E08F
:10487000012001E0022000BF00BF70472DE9FC5F6E
:1048800081460D4614461E46DDE90C7B99F8000072
:1048900000F00F0A002001900AF008000090CAF30F
:1048A00041008BF8000001AA042109F10100FFF783
:1048B00082FC484400F101080198022802D30AF062
:1048C000010010B1FF20BDE8FC9F98F8010098F8A6
:1048D000001040EA012020802088801C0199884235
:1048E00001D9FF20EFE79BF8000020B101283BD061
:1048F000022876D139E0009808B1FF20E3E721884B
:10490000481C02F041FF2860286808B9FF20DAE758
:104910002288511C286803F0F4FA228808F1020169
:10492000286803F06FFA0198801E2188401A3880A9
:104930003988481C02F028FF3060306820B92868A8
:1049400002F051FFFF20BEE73A88511C306803F0A7
:10495000D8FA3A88B4F800C008F102030CEB03015E
:10496000306803F04FFA4FE000BF2088801C0199A7
:10497000884201D9FF20A6E72088C01C18F8001043
:104980002088801C18F8000041EA00210E98018060
:104990000E9808B9FF2096E72188481C02F0F4FE23
:1049A0002860286808B9FF208DE72288511C2868F4
:1049B00003F0A7FA228808F10201286803F022FA1E
:1049C0000198001F2188401A38803988481C02F05D
:1049D000DBFE3060306828B9286802F004FFFF2051
:1049E00071E70FE03A88511C306803F08AFA3A8880
:1049F000B4F800C008F104030CEB0301306803F0C5
:104A000001FA01E0FF205EE700BF2B21284603F0FA
:104A100005F920B92321284603F000F908B1FF2049
:104A200051E700204FE770B505460C4604212046AB
:104A3000FFF770FB206808B9012070BD4021626853
:104A4000501C60602068815402216268501C6060C4
:104A50002068815429126268501C6060206881546B
:104A60006268501C6060206885540020E5E70146BC
:104A70004878022801D000207047887820B9C8788B
:104A80000A2801D10120F7E70020F5E710B5044618
:104A900002212046FFF73EFB206808B9012010BD27
:104AA000C0216268501C60602068815400216268E7
:104AB000501C6060206881540020F0E710B54FF46E
:104AC00000718B4803F01DFA00208A49088010BD50
:104AD0008848008808B901207047864800888649C0
:104AE0000988884203D1002082490880F4E7814880
:104AF0000088814908800120EEE770B50446C8258A
:104B0000206803F009F986B232467C482168FEF736
:104B1000CDF916E0FFF7DCFF80B9207A012804D137
:104B2000734A77A17848FEF7DAF97148616803F0B3
:104B300091F818B1FFF7C2FF002070BD0A20FEF700
:104B4000B3F8281EA5F10101CDB2E3D10120F4E7AD
:104B500030B58BB004460D46FFF7B0FF2A466BA177
:104B600003A802F08FFE002000900190029003A89D
:104B700000906AA0019000208DF808006846FFF7B9
:104B8000BCFF20B92A4621465C48FEF78FF90BB0DE
:104B900030BD70B50546002400BFFFF799FFA8B9E6
:104BA0005FA1534803F056F8044624B95EA1564865
:104BB000FEF795F90AE03A21204603F02FF8044663
:104BC00014B1641C204670BD0020FCE73220FEF7C3
:104BD0006BF8281EA5F101018DB2DED100BFF2E70E
:104BE0000EB50020009001900290FFF767FF53A1DF
:104BF0004548FEF774F901F070FF52A20121084602
:104C000001F0B7FF51A0009052A0019003E04FF4D3
:104C1000FA70FEF749F86846FFF76FFF0028F6D1F3
:104C20004DA20121022001F0A4FF4EA0009049A056
:104C3000019003E04FF4FA70FEF736F86846FFF78C
:104C40005CFF0028F6D14BA20121032001F091FF67
:104C50004CA000903FA0019003E04FF4FA70FEF7E3
:104C600023F86846FFF749FF0028F6D149A2012141
:104C7000042001F07EFF4AA0009057A0019003E0BD
:104C800041F28830FEF710F86846FFF736FF00283B
:104C9000F6D153A11C48FEF722F901F01EFF56A2DF
:104CA0000121084601F065FF4FF4FA70FDF7FCFFA3
:104CB0000EBD10B520211148FDF759FFB8B10D48C0
:104CC0000088B0F5007F02D300200A4908800B4815
:104CD000FDF7E5FEC1B2074802880088401C054B7D
:104CE00018800348815420210448FDF798FF10BD27
:104CF000500900201E000020200000200048004035
:104D000025730D0A000000000044004041542B436D
:104D1000495053454E443D25640D0A003E000000B5
:104D20004950442C000000002249504422206E6F5C
:104D30007420666F756E640D0A000000312E2041EC
:104D4000540D0A00312E41542E2E2E0041540D0ACE
:104D5000000000004F4B0000322E43574D4F44459A
:104D60002E2E2E0041542B43574D4F44453D310DBF
:104D70000A000000332E41542B4357444843502E21
:104D80002E2E000041542B4357444843503D312CB4
:104D9000310D0A00342E43574A41502E2E2E00006A
:104DA00041542B43574A41503D224869576946694F
:104DB000222C2235353535373230373230222C220D
:104DC00064343A65653A30373A30333A65373A35C4
:104DD00034220D0A00000000474F542049500000C3
:104DE000352E204553503832363620496E697420AE
:104DF0004F4B0D0A00000000455350383236362024
:104E0000496E6974204F4B00FE480068704770B5CA
:104E100004460D462CB9AC4201D0012070BD0020E3
:104E2000FCE70DB90120F9E705E0207808B900207A
:104E3000F4E7641C6D1C207802F0FCFC0646287820
:104E400002F0F8FC8642F0D0207802F0F3FC06462F
:104E5000287802F0EFFC301AE0E770B504462046EF
:104E600002F05AFF451C2846E74909688847061E94
:104E700000D170BD2A462146304602F0C3FF3046BD
:104E8000F7E730B9E149E04A1160E149E14A1160D0
:104E90007047016809B1016800E0DC49DA4A116035
:104EA000416809B1416800E0D949DA4A116000BFA0
:104EB000EEE710B52820D4490968884704461CB19C
:104EC0002821204603F03FF8204610BD70B5044667
:104ED00022E02568A08900F4807020B9A06810B194
:104EE000A068FFF7F3FFA08900F4807028B920695B
:104EF00018B1C849206909688847A08900F4007082
:104F000028B9206A18B1C349206A09688847204631
:104F1000C049096888472C46002CDAD170BD2DE9BC
:104F2000F0412DED0E8B05460C469FEDBB0BB0EE10
:104F3000408AF0EE608A9FEDBA0BB0EE40AAF0EE28
:104F400060AA9FEDB50BB0EE409AF0EE609A002695
:104F5000012720782D2806D19FEDB30BB0EE40AA93
:104F6000F0EE60AA641C2078302800D1641C207800
:104F7000312821DB207839281EDC00BF14F8011B02
:104F8000A1F1300005F019FE41EC1B0B9FEDA80BC1
:104F900053EC102B51EC180B05F062FE41EC1C0B8E
:104FA00053EC1B2B05F08AFB41EC180B20783028C2
:104FB00002DB20783928E1DD20782E282FD1607897
:104FC00030282CDB6078392829DC641C00BF14F8F9
:104FD000011BA1F1300005F0F0FD41EC1B0B9FED32
:104FE000940B53EC102B51EC180B05F039FE41ECEF
:104FF0001C0B53EC1B2B05F061FB41EC180B9FEDD8
:10500000880B53EC102B51EC190B06F035F841ECE2
:10501000190B2078302802DB20783928D7DD20785A
:10502000652802D02078452819D1641C20782B28C7
:1050300001D1641C05E020782D2802D14FF0FF3704
:10504000641C06E014F8010B303806EB860100EB17
:1050500041062078302802DB20783928F2DD06FB73
:1050600007F005F0AAFD41EC1E0B53EC192B05F0DF
:1050700025FB41EC1D0BB0EE4D1AF0EE6D1A9FEDC5
:105080006C0B04F0A1FBB0EE40BAF0EE60BA53EC4A
:10509000182B51EC1A0B05F0E3FD41EC1C0B53EC03
:1050A0001B2B05F0DDFD41EC180B85ED068B51EC5B
:1050B000180B05F053FD68610320E8602046BDEC45
:1050C0000E8BBDE8F0810146491E41EA610141EACB
:1050D000A10141EA211141EA212141EA2141481C73
:1050E00070472DE9F04104460E460CB1206810B916
:1050F0000020BDE8F081A06806446068B04203DB90
:10510000A16820680844F4E73046FFF7DCFF074653
:1051100038463D490968884705463DB93D492068FC
:1051200009688847002060602060E2E725B12846D2
:10513000D4E9001202F066FE364920680968884703
:1051400067602560A0682844D3E770B504460CB1B9
:10515000206808B9002070BDA1682068451828465D
:1051600002F0DAFDA1680844F5E770B52DED088B73
:1051700006460C46002596ED060BB0EE408AF0EE92
:10518000608A9FED250B53EC102B51EC180B05F0AA
:10519000A9FC11D12CB102212046FFF7A2FF054640
:1051A00004E002201849096888470546002D02D00E
:1051B00021A000882880E9E0706905F0FEFC41EC40
:1051C0001B0B53EC182B05F057FF41EC1A0BB0EEFC
:1051D0004A0AF0EE6A0A04F061FAB0EE409AF0EE84
:1051E000609A9FED160B53EC102B51EC190B05F048
:1051F000FBFC4BD89FED130B53EC102B51EC180B11
:1052000024E0000024000020280000208977000806
:10521000E77700082C0000200000000000000000DC
:10522000000000000000F03F000000000000F0BFA0
:1052300000000000000024403000000000000000DA
:105240000000B03C0000C0FFFFFFDF4105F0CCFCD8
:105250001CD89FEDF80B53EC102B51EC180B05F0FC
:10526000FDFD13D82CB115212046FFF73AFF054666
:1052700004E01520F149096888470546002D04D04F
:10528000EFA12846726902F0FDFA7FE02CB14021BF
:105290002046FFF726FF054604E04020E74909685D
:1052A00088470546002D71D0B0EE480AF0EE680A36
:1052B00004F0FEF9B0EE40BAF0EE60BA53EC182BF1
:1052C00051EC1B0B05F0D8FE41EC1A0BB0EE4A0A6C
:1052D000F0EE6A0A04F0E2F9B0EE409AF0EE609A5D
:1052E0001FED2A0B53EC102B51EC190B05F07CFC35
:1052F00019D8B0EE480AF0EE680A04F0CFF9B0EE23
:10530000409AF0EE609A9FEDCF0B53EC102B51ECCE
:10531000190B05F069FC06D253EC182BCBA12846DB
:1053200002F0B0FA32E0B0EE480AF0EE680A04F09B
:10533000B5F9B0EE409AF0EE609A9FEDC60B53ECD3
:10534000102B51EC190B05F04FFC12D3B0EE480AAC
:10535000F0EE680A04F0A2F9B0EE409AF0EE609A1E
:105360009FEDBE0B53EC102B51EC190B05F076FDA5
:1053700006D253EC182BBBA1284602F083FA05E0B5
:1053800053EC182BB8A1284602F07CFA2846BDEC55
:10539000088B70BD014600220878302806DB0878AB
:1053A000392803DC08783038024415E008784128B1
:1053B00006DB0878462803DC0878373802440BE01F
:1053C0000878612806DB0878662803DC08785738F7
:1053D000024401E0002070471201491C087830287F
:1053E00006DB0878392803DC08783038024415E0F9
:1053F0000878412806DB0878462803DC0878373827
:1054000002440BE00878612806DB0878662803DC94
:1054100008785738024401E00020DCE71201491CFB
:105420000878302806DB0878392803DC087830381B
:10543000024415E00878412806DB0878462803DC9A
:105440000878373802440BE00878612806DB0878D2
:10545000662803DC08785738024401E00020BAE7E8
:105460001201491C0878302806DB0878392803DC4B
:1054700008783038024415E00878412806DB0878BF
:10548000462803DC0878373802440BE008786128A6
:1054900006DB0878662803DC08785738024401E008
:1054A000002098E7104696E72DE9F05F834688468E
:1054B00008F10104002798F80000222805D06B4865
:1054C000C0F800800020BDE8F09F04E014F8011B44
:1054D0005C2900D1641C2078222804D0207810B1E7
:1054E000781C071EF2D1781C544909688847814608
:1054F000B9F1000F01D10020E5E708F101044D46A4
:10550000BEE020785C2804D014F8010B05F8010BEC
:10551000B6E0641C2078722818D006DC622809D016
:1055200066280BD06E287DD10CE0742812D0752827
:10553000F9D113E0082005F8010B9FE00C2005F8D5
:10554000010B9BE00A2005F8010B97E00D2005F800
:10555000010B93E0092005F8010B8FE0601CFFF7B9
:1055600019FF0646241DB6F55C4F02D3B6F5604F11
:1055700000D306B982E0B6F5584F1CD3B6F55C4FA0
:1055800019D260785C2802D1A078752800D075E027
:10559000E01CFFF7FFFE8246A41DBAF55C4F02D364
:1055A000BAF5604F00D369E0C6F30901504661F3D4
:1055B0009F2000F580360427802E01D2012708E0C5
:1055C000B6F5006F01D2022703E0B6F5803F00D2A6
:1055D00003273D44012F20D0022F15D0032F0AD0DE
:1055E000042F24D106F0BF0040F08001681E05465C
:1055F0000170B60900BF06F0BF0040F08001681ED0
:1056000005460170B60900BF06F0BF0040F08001FA
:10561000681E05460170B60900BF1548C05D3043DD
:10562000C1B200E026E0681E0546017000BF00BF61
:105630003D4423E0000000000000E0C128000020FD
:105640002564000044F3C2E4E4E9634C252E30668F
:10565000000000008DEDB5A0F7C6B03E00000000D0
:1056600065CDCD41256500002566000024000020A1
:10567000A4B40008207805F8010B00BF00BF641C2B
:105680002078222803D0207800287FF43AAF002029
:1056900028702078222800D1641CCBF810900420B8
:1056A000CBF80C0020460EE72DE9F05F80468946D6
:1056B0000027BB46454611E02878002802DD2878FF
:1056C000202805DB2878222802D028785C2801D100
:1056D000012000E0002040EA0B0B6D1C2878002818
:1056E000EAD1BBF1000F22D1A5EB0807B9F1000FF9
:1056F00005D0F91C4846FFF7F4FC064604E0F81C08
:10570000FC4909688847064616B90020BDE8F09FA5
:105710003446222004F8010B4146204602F0D8FA14
:105720002220E0550021781C21543046EEE7B8F1E4
:10573000000F16D1B9F1000F05D003214846FFF73D
:10574000D0FC064604E00320EA490968884706467B
:105750000EB90020DAE7E8A1304602F0B9FA304687
:10576000D4E745460BE05146E4A002F057FA08B1F1
:105770007F1C03E0BAF1200F00DA7F1D6D1C95F845
:1057800000A0BAF1000F02D0781C071EEBD1B9F1CE
:10579000000F05D0F91C4846FFF7A3FC064604E0BD
:1057A000F81CD4490968884706460EB90020ADE7C1
:1057B00034464546222004F8010B47E028781F288C
:1057C0000ADD2878222807D028785C2804D015F82C
:1057D000010B04F8010B39E05C2004F8010B15F80B
:1057E000011B8A460C2919D006DC082912D0092988
:1057F00020D00A2922D115E00D2917D0222905D061
:105800005C291BD15C2004F8010B1EE0222004F867
:10581000010B1AE0622004F8010B16E0662004F880
:10582000010B12E06E2004F8010B0EE0722004F868
:10583000010B0AE0742004F8010B06E05246B1A106
:10584000204602F01FF8641D00BF00BF2878002822
:10585000B4D1222004F8010B002004F8010B3046DB
:1058600054E770B504460D4629462069FFF71CFF32
:1058700070BD00E0401C20B1017811B101782029F1
:10588000F8DD70472DE9F04706460C4620787B2866
:1058900004D09E4804600020BDE8F0870620F06038
:1058A000601CFFF7E6FF044620787D2801D1601CCC
:1058B000F2E7FFF7FEFA0546B060B06808B90020CD
:1058C000EAE72046FFF7D5FF804641462846FFF726
:1058D000EBFD0746FFF7CDFF04460CB90020DBE7E0
:1058E000286928620020286120783A2803D0874858
:1058F00004600020D0E7601CFFF7BBFF80464146F4
:10590000284600F099F80746FFF7B3FF04460CB9A4
:105910000020C1E731E0FFF7CCFA071E00D1BBE75A
:105920002F607D603D46601CFFF7A3FF814649461E
:105930002846FFF7B9FD8046FFF79BFF04460CB9E8
:105940000020A9E7286928620020286120783A28E9
:1059500003D06E48046000209EE7601CFFF789FFBB
:1059600081464946284600F067F88046FFF781FFE8
:1059700004460CB900208FE700BF20782C28CAD03D
:1059800020787D2801D1601C86E7604804600020F3
:1059900082E72DE9F04705460C4620785B2804D0C5
:1059A0005A4804600020BDE8F0870520E860601CCC
:1059B000FFF75FFF044620785D2801D1601CF2E705
:1059C000FFF777FA0646A860A86808B90020EAE75A
:1059D0002046FFF74EFF80464146304600F02CF847
:1059E0000746FFF746FF04460CB90020DBE717E047
:1059F000FFF75FFA071E00D1D5E737607E603E46AD
:105A0000601CFFF736FF81464946304600F014F827
:105A10008046FFF72EFF04460CB90020C3E700BF05
:105A200020782C28E4D020785D2801D1601CBAE7CA
:105A3000364804600020B6E770B505460C460CB940
:105A4000002070BD042232A1204602F084F918B96A
:105A50000220E860201DF4E705222FA1204602F075
:105A60007AF918B90020E860601DEAE704222CA149
:105A7000204602F070F920B90120E8606861201D1D
:105A8000DFE72078222804D121462846FFF70CFDC5
:105A9000D7E720782D2805D02078302807DB20781C
:105AA000392804DC21462846FFF739FAC9E720786F
:105AB0005B2804D121462846FFF76BFFC1E7207819
:105AC0007B2804D121462846FFF7DCFEB9E70F48C2
:105AD00004600020B5E72DE9F04780460D461646E4
:105AE0000024FFF7E6F90746002008490860DFB9FF
:105AF000BDE8F0872800002022220000225C080C6C
:105B00000A0D0900752530347800000024000020BB
:105B10006E756C6C0000000066616C7365000000BF
:105B200074727565000000004046FFF7A2FE8146D2
:105B300049463846FFF780FF04462CB93846FFF740
:105B4000C5F90020BDE8F08766B12046FFF791FE59
:105B50000446207830B13846FFF7B8F9FE480460B3
:105B60000020EFE705B12C603846EBE710B504469E
:105B7000002211462046FFF7AEFF10BD2DE9FF4F72
:105B800089B0884616461F46002008900790069068
:105B90004FF0070A00250998D0F8089000200290DD
:105BA0000190009004E00298401C0290D9F8009007
:105BB000B9F1000FF7D10298002835D157B116B1CD
:105BC00008F1040000E0032001463846FFF789FA97
:105BD000069009E016B108F1040100E0032108462F
:105BE000DE49096888470690069818B900200DB06C
:105BF000BDE8F08F069C7B2004F8010B66B10A20FB
:105C000004F8010B002503E0092004F8010B6D1CCA
:105C1000A8F10100A842F7DC7D2004F8010B002068
:105C200004F8010B0698E2E7002F77D0BD680EB1AB
:105C3000022000E0012082460AF101013846FFF708
:105C400050FA04460CB90020D1E77B2004F8010B80
:105C500016B10A2004F8010B00202070B8685044E7
:105C6000B8600998D0F8089008F1010868E0B6B16A
:105C700041463846FFF735FA04460CB90020B6E72E
:105C80000020039005E0092004F8010B0398401C54
:105C9000039003984045F6DBB8684044B860394645
:105CA000D9F82000FFF700FD3846FFF74EFAB8603C
:105CB0000EB1022000E00120824651463846FFF72F
:105CC00010FA04460CB9002091E73A2004F8010BC1
:105CD00016B1092004F8010BB8685044B8603B467F
:105CE00032464146484600F078FA3846FFF72DFA2A
:105CF000B8600EB1012000E00020D9F8001009B111
:105D0000012100E0002100EB010A0AF101013846FF
:105D1000FFF7E7F9044614B9002068E734E0D9F842
:105D2000000010B12C2004F8010B16B10A2004F871
:105D3000010B00202070B8685044B860D9F800907A
:105D4000B9F1000F93D116B108F1010000E0022073
:105D500001463846FFF7C5F904460CB9002046E76E
:105D60004EB1002503E0092004F8010B6D1CA8F1D9
:105D70000100A842F7DC7D2004F8010B0020207010
:105D800038682844069005E102998800734909683B
:105D900088470890089808B9002028E702998800E9
:105DA0006E49096888470790079828B96C49089890
:105DB0000968884700201AE702988100089802F0D5
:105DC000C2F802988100079802F0BDF80998D0F84F
:105DD000089008F1010806B1C2442EE00021D9F86C
:105DE0002000FFF761FC0490079941F8250000238B
:105DF00032464146484600F0F0F929466D1C0590B0
:105E0000089A42F82100049898B1059888B105983D
:105E100001F082FF8346049801F07EFF0BEB000146
:105E2000891C16B108F1020000E0002008448244F9
:105E300001E001200190D9F80090B9F1000FCDD117
:105E4000019820B950464549096888470690069848
:105E500008B901200190019818B3002514E00798B3
:105E600050F8250028B1079951F825003C490968E8
:105E70008847089850F8250028B1089951F825005E
:105E80003749096888476D1C02988542E7DB344929
:105E900007980968884732490898096888470020A8
:105EA000A5E67B21069801700698441C16B10A20CD
:105EB00004F8010B00202070002548E05EB10020AE
:105EC000039005E0092004F8010B0398401C03909F
:105ED00003984045F6DB079951F8250001F01CFFB7
:105EE0000090079850F825102046009A01F08AFF8C
:105EF000009804443A2004F8010B16B1092004F874
:105F0000010B089850F82510204601F0E1FE089991
:105F100051F8250001F000FF04440298401EA842F9
:105F200002D02C2004F8010B16B10A2004F8010B52
:105F300000202070079951F8250009490968884711
:105F4000089951F825000649096888476D1C029890
:105F50008542B3DB024905E0240000202800002030
:105F60002C000020079809688847F74908980968B5
:105F700088474EB1002503E0092004F8010B6D1C91
:105F8000A8F10100A842F7DC7D2004F8010B0020F5
:105F900004F8010B06982AE62DE9FF4F85B09246DA
:105FA0001E464FF0000B052003900598D0F808809E
:105FB000D946002500200290019003E009F1010973
:105FC000D8F80080B8F1000FF8D1B9F1000F16D160
:105FD0002EB103213046FFF784F8834604E0032006
:105FE000DA49096888478346BBF1000F03D0D8A17E
:105FF000584601F06DFE584609B0BDE8F08F002EFE
:1060000057D0B56801213046FFF76BF804460CB94C
:106010000020F1E75B202070B068401CB06005985C
:10602000D0F808802EE0334652460699491C404677
:1060300000F0D3F83046FFF788F8B060D8F80000D9
:10604000F0B1BAF1000F01D0022000E0012003906E
:106050000399491C3046FFF744F804460CB9002068
:10606000CAE72C2004F8010BBAF1000F02D020205F
:1060700004F8010B00202070B16803980844B06058
:10608000D8F80080B8F1000F02D002980028CAD0DA
:1060900002213046FFF725F804460CB90020ABE793
:1060A0005D2004F8010B00202070306800EB050B28
:1060B00091E04FEA8900A5490968884707460FB96A
:1060C000002099E74FEA8901384601F03CFF059826
:1060D000D0F8088021E0002352460699491C40462A
:1060E00000F07BF8049029466D1C049847F82100C5
:1060F000049870B1049801F00FFE801CBAF1000FF3
:1061000001D0012100E000210144039808440390DC
:1061100001E001200290D8F80080B8F1000F02D011
:1061200002980028D7D0029820B9884903980968B6
:1061300088478346BBF1000F01D1012002900298ED
:1061400090B1002508E057F8250020B157F8250048
:106150007D49096888476D1C4D45F4DB38467A490E
:1061600009688847002047E75B208BF800000BF1A7
:10617000010400202070002521E057F8250001F0DF
:10618000CBFD019057F825102046019A01F03AFE08
:1061900001980444A9F10100A8420AD02C2004F877
:1061A000010BBAF1000F02D0202004F8010B0020EF
:1061B000207057F825006449096888476D1C4D45D3
:1061C000DBDB38466049096888475D2004F8010B2D
:1061D000002004F8010B58460EE72DE9F041044673
:1061E0000F4690461D46002614B90020BDE8F081F8
:1061F000002D49D0207B072845D2DFE800F0101C95
:1062000004282E343C0005212846FEF76AFF064686
:1062100026B1AFF20471304601F05AFD33E0062199
:106220002846FEF75EFF064626B1AFF214713046EF
:1062300001F04EFD27E005212846FEF752FF0646F5
:1062400026B1AFF22471304601F042FD1BE0294631
:106250002046FEF78AFF064615E029462046FFF74E
:1062600000FB06460FE02B46424639462046FFF724
:1062700093FE064607E02B46424639462046FFF786
:106280007DFC064600BF37E0207B072833D2DFE8DD
:1062900000F00A1004161C222A00AFF28C70FEF7E0
:1062A000DCFD064627E0AFF29070FEF7D6FD06460D
:1062B00021E0AFF29470FEF7D0FD06461BE000210E
:1062C0002046FEF752FF064615E000212046FFF764
:1062D000C8FA06460FE00023424639462046FFF73B
:1062E0005BFE064607E00023424639462046FFF79C
:1062F00045FC064600BF00BF304677E710B50446B0
:106300000023012219462046FFF767FF10BD10B594
:10631000044600231A4619462046FFF75EFF10BDCB
:10632000FEB505460C4616462046084909688847CA
:1063300000900194002002906B46324600212846CE
:10634000FFF74BFFFEBD00002C00002028000020BE
:106350005B5D000001468A68002001E0401C126875
:10636000002AFBD170470246906801E0491E006890
:1063700008B10029FADC704770B505460E46AC68D6
:1063800000E024682CB13146206AFEF740FD002869
:10639000F7D1204670BD01604860704770B5054672
:1063A000FEF787FD04460CB9002070BD282229465F
:1063B000204601F06CFD00202062E06840F480700F
:1063C000E0600020606020602046EEE770B5054682
:1063D0000E46AC6806B970BD0CB9AE6009E000E0CD
:1063E000246814B120680028FAD131462046FFF70E
:1063F000D2FF00BFEFE770B506460D46144604B95C
:1064000070BD206A18B1FC49206A0968884728468F
:10641000FEF723FD206221463046FFF7D7FF00BF7D
:10642000EEE770B506460D46144604B970BDA08966
:1064300000F4007028B9206A18B1EF49206A096891
:1064400088472562E06840F40070E06021463046ED
:10645000FFF7BCFF00BFE9E770B505460C462046D4
:10646000FFF79CFF064631462846FFF7AFFF70BD99
:106470002DE9F04105460E4614462046FFF78EFFF3
:1064800007463A4631462846FFF7B5FFBDE8F0819A
:1064900010B502460B46916801E009685B1E09B120
:1064A000002BFADC09B9002010BD486810B1D1E911
:1064B00000042060086810B1D1E900406060906875
:1064C000884201D108689060002008604860084652
:1064D000EAE770B504460D4629462046FFF7D8FF87
:1064E0000646FEF7F3FC70BD2DE9F04105460F4668
:1064F0000026AC6801E0761C24682CB13946206A7D
:10650000FEF785FC0028F6D12CB131462846FFF76E
:10651000BFFFBDE8F0810020FBE770B504460D46E3
:1065200029462046FFF7E0FF0646FEF7CFFC70BD88
:106530002DE9F04106460F461446B56801E02D6886
:106540007F1E0DB1002FFADC2DB921463046FFF732
:106550003DFFBDE8F0812560686860606C60B068F0
:10656000A84201D1B46001E06068046000BFF0E7B8
:106570002DE9F04106460F461446B56801E02D6846
:106580007F1E0DB1002FFADC0DB9BDE8F08128683F
:10659000206068686060206808B120684460B06866
:1065A000A84201D1B46001E0606804600020686026
:1065B00028602846FEF78AFC00BFE6E72DE9F04197
:1065C00005460E4617464FF00008AC6802E008F199
:1065D000010824682CB13146206AFEF718FC002817
:1065E000F5D144B13046FEF738FC38623A464146B0
:1065F0002846FFF7BDFFBDE8F08110B5FEF759FC56
:1066000004460CB10220E060204610BD10B5FEF734
:1066100050FC04460CB10120E060204610BD10B5CE
:10662000FEF747FC04460CB10020E060204610BD98
:1066300070B50546FEF73DFC044624B10DB10120BE
:1066400000E00020E060204670BD10B52DED028B0B
:10665000B0EE408AF0EE608AFEF72BFC044644B1AF
:106660000320E06084ED068B51EC180B04F076FA01
:1066700060612046BDEC028B10BD70B50546FEF78B
:1066800018FC04462CB10420E0602846FEF7E5FB28
:106690002061204670BD10B5FEF70BFC04460CB11E
:1066A0000520E060204610BD10B5FEF702FC044650
:1066B0000CB10620E060204610BD2DE9F0472DED1D
:1066C000028B074688460025A946FFF7E4FF0646E9
:1066D000002415E057F8240004F06FFA41EC180B81
:1066E000B0EE480AF0EE680AFFF7AFFF05460CB9B6
:1066F000B56003E029464846FFF74DFEA946641CF5
:106700000EB14445E6DB3046BDEC028BBDE8F087B8
:106710002DE9F0472DED028B074688460025A94656
:10672000FFF7B9FF064600241AE007EB840090ED5E
:10673000000A10EE101A084604F088FD41EC180B10
:10674000B0EE480AF0EE680AFFF77FFF05460CB985
:10675000B56003E029464846FFF71DFEA946641CC4
:106760000EB14445E1DB3046BDEC028BBDE8F0875D
:106770002DE9F047074688460025A946FFF78BFF1D
:106780000646002413E007EBC40090ED001BB0EEBA
:10679000410AF0EE610AFFF758FF05460CB9B560F3
:1067A00003E029464846FFF7F6FDA946641C0EB1F2
:1067B0004445E8DB3046BDE8F0872DE9F047074661
:1067C00088460025A946FFF766FF064600240DE02F
:1067D00057F82400FFF751FF05460CB9B56003E0F8
:1067E00029464846FFF7D7FDA946641C0EB144452B
:1067F000EEDB3046BDE8F0872C0000202DE9F047A5
:10680000054689464FF0000815B90020BDE8F0871D
:10681000FEF74FFB04460CB90020F7E7E86820F4C8
:106820008070E0606869606195ED060B84ED060B91
:10683000286950B12869FEF710FB2061206920B952
:106840002046FEF743FB0020E0E7286A50B1286AA3
:10685000FEF703FB2062206A20B92046FEF736FBD4
:106860000020D3E7B9F1000F01D12046CEE7AF6891
:1068700016E001213846FFF7C1FF064626B920463B
:10688000FEF724FB0020C1E7B8F1000F05D0C8F8DF
:106890000060C6F80480B04601E0A660B0463F68DC
:1068A000002FE6D12046B1E7014655E00278202AC4
:1068B00001D1401C50E00278092A01D1401C4BE074
:1068C00002780D2A01D1401C46E002780A2A01D143
:1068D000401C41E002782F2A0BD142782F2A08D1A0
:1068E00000E0401C0278002A36D002780A2A33D011
:1068F000F7E702782F2A0ED142782A2A0BD100E03E
:10690000401C02782AB102782A2AF9D142782F2A2B
:10691000F6D1801C20E00278222A19D110F8012B30
:1069200001F8012B0AE002785C2A03D110F8012B50
:1069300001F8012B10F8012B01F8012B027812B19C
:106940000278222AEFD110F8012B01F8012B03E085
:1069500010F8012B01F8012B0278002AA6D10A7049
:10696000704700001CB50121FE48F9F7FAFE01212D
:106970004FF4C010F9F7F5FE0121FB48FBF74EF884
:106980006846FAF7EDFF10208DF8060004208DF818
:1069900004008DF8050001208DF80700C003009069
:1069A0006946F248FAF788FF4FF480500090694634
:1069B000EE48FAF781FF01221103EC48FBF703F8D8
:1069C0000122D103E948FAF7FEFF1CBD10B50122F0
:1069D000D103E648FAF7F7FF01221103E348FAF77B
:1069E000F2FF00224FF40041E048FAF7ECFF0022EA
:1069F0004FF48051DD48FAF7E6FF10BD10B50022D4
:106A00004FF40041D948FAF7DEFF01221103D748BD
:106A1000FAF7D9FF0122D103D448FAF7D4FF10BD09
:106A200070B50546002419E080202041284008B1B7
:106A3000012000E0002002464FF40041CB48FAF765
:106A4000C2FF01221103C948FAF7BDFF00224FF42B
:106A50008051C648FAF7B7FF601CC4B2082CE3DBCC
:106A600001221103C148FAF7AEFF00224FF4805112
:106A7000BE48FAF7A8FF70BD10B50446FFF7A6FFA1
:106A80007820FFF7CDFF0020FFF7CAFF2046FFF771
:106A9000C7FFFFF7B3FF10BD10B50446FFF796FF21
:106AA0007820FFF7BDFF4020FFF7BAFF2046FFF731
:106AB000B7FFFFF7A3FF10BD70B505460C4645F0C4
:106AC000B000FFF7D9FF102141EA1410FFF7D4FFFF
:106AD00004F00F00FFF7D0FF70BD70B500240EE08A
:106AE00000212046FFF7E8FF002504E00020FFF723
:106AF000D3FF681CC5B2802DF8DB601CC4B2082C23
:106B0000EEDB70BD2DE9F04105460E461746721EBC
:106B1000D206110E6A1E5206100EFFF7CDFF00249A
:106B200009E0A7F12001924A02EB0111085DFFF78D
:106B3000B3FF601CC4B2082CF3DB721ED206110E28
:106B40006A1E012303EB4202D0B2FFF7B5FF002417
:106B50000BE0A7F12001864A02EB011204F10801C3
:106B6000505CFFF799FF601CC4B2082CF1DBBDE854
:106B7000F0812DE9F04706460F4690464FF00F0A88
:106B8000002424E0544507DD042E05DA701CC6B24B
:106B90000AF1100000F0FF0A07EB04094FEAE97060
:106BA00009EB10700011A9EB001008B9102006E0E5
:106BB0003D19E81705EB10700011A5EB0010C1B2EC
:106BC00018F804203046FFF79DFF601CC4B218F887
:106BD00004000028D6D1BDE8F08710B50246012098
:106BE00000E050430B1EA1F10101FAD110BD2DE9C7
:106BF000F04780460E4617461D46002415E0281B28
:106C0000411E0A20FFF7E9FFB7FBF0F00A21B0FBB5
:106C1000F1F201FB120000F130093019C1B24A460D
:106C20004046FFF76FFF601CC4B2AC42E7DBBDE833
:106C3000F0872DE9F0478146884615461E46002D0F
:106C400006DB2B2241464846FFF75CFF2F4605E056
:106C50002D2241464846FFF755FF6F42002417E0BA
:106C6000301B411E0A20FFF7B8FFB7FBF0F00A21E6
:106C7000B0FBF1F201FB120000F1300A08EB040056
:106C8000401CC1B252464846FFF73CFF601CC4B2EC
:106C9000B442E5DBBDE8F0872DE9F04781460E46BA
:106CA00090461F4600241DE0381B411E1020FFF7B0
:106CB00094FFB8FBF0F000F00F050A2D08DA05F19B
:106CC0003000C2B23019C1B24846FFF71BFF07E0DF
:106CD00005F13700C2B23019C1B24846FFF712FFC2
:106CE000601CC4B2BC42DFDBBDE8F0872DE9F04791
:106CF00080460E4617461D46002412E0281B411E02
:106D00000220FFF76AFFB7FBF0F000F0010000F18E
:106D100030093019C1B24A464046FFF7F3FE601C05
:106D2000C4B2AC42EADBBDE8F08770B5002406E0EF
:106D3000002500E06D1CB5F57A7FFBD3641CB4F52B
:106D40007A7FF5D3FFF70EFEAE20FFF795FED52034
:106D5000FFF792FE8020FFF78FFEA820FFF78CFE42
:106D60003F2007E002001800020310300008014035
:106D7000ABB40008FFF780FED320FFF77DFE0020B4
:106D8000FFF77AFE4020FFF777FEA120FFF774FEA1
:106D9000C820FFF771FEDA20FFF76EFE1220FFF722
:106DA0006BFE8120FFF768FECF20FFF765FED9203C
:106DB000FFF762FEF120FFF75FFEDB20FFF75CFECE
:106DC0003020FFF759FEA420FFF756FEA620FFF75C
:106DD00053FE8D20FFF750FE1420FFF74DFEAF202D
:106DE000FFF74AFEFFF779FE70BD2DE9F041054639
:106DF0000E461746721ED206110E6A1E5206100E5D
:106E0000FFF75AFE002407E0334901EB4711085D04
:106E1000FFF742FE601CC4B2102CF5DB721ED206D6
:106E2000110E6A1E012303EB4202D0B2FFF744FEAB
:106E3000002409E0284901EB471204F11001505CDD
:106E4000FFF72AFE601CC4B2102CF3DBBDE8F08112
:106E50002DE9F04180460D4616461F4600240AE003
:106E600016F82420022000FB0450C1B24046FFF770
:106E7000BCFF601CC4B2BC42F2DBBDE8F0812DE96E
:106E8000F04106460F46344621E0611E4906080ED1
:106E90000021FFF711FE002504E00020FFF7FCFDB4
:106EA000681CC5B2802DF8DB611E012202EB410196
:106EB000C8B20021FFF700FE002504E00020FFF724
:106EC000EBFD681CC5B2802DF8DB601CC4B2BC426F
:106ED000DBDDBDE8F08100009BBA000810B50121A0
:106EE0004FF4E010F9F73DFC4FF08040FBF7D5FB85
:106EF00041F61F424CF24F314FF08040FAF7AAFFA3
:106F000000214FF08040FAF7B2FF00214FF080409F
:106F1000FAF7A8FF01218807FBF7B3FB012211460E
:106F20009007FBF78EFB002208211C20FAF708FED1
:106F300001218807FAF76FFF01211A48F9F711FCC0
:106F40001948FBF7AAFB41F61F4242F20F7116489F
:106F5000FAF780FF00211448FAF789FF0021124850
:106F6000FAF780FF01211048FBF78BFB0122114645
:106F70000D48FBF766FB002203211D20FAF7E0FD18
:106F800010BD10B501210848FBF766FB012807D1A9
:106F900000210548FAF73FFF01210348FBF771FB89
:106FA00010BD000001001C00000400402DE9F0416C
:106FB00004460F4615461E46DDF81880F9F75FFFB8
:106FC0003520F9F798FE2046F9F7AAFF3946204602
:106FD000FAF74BF92946A01CFAF747F93146201D6C
:106FE000FAF743F94146A01DFAF73FF93520F9F7C2
:106FF00082FEF9F765FFBDE8F0812DE9F047044610
:107000000F4615461E46DDE90889F9F738FF352099
:10701000F9F771FE2046F9F783FF39462046FAF763
:1070200024F92946A01CFAF720F93146201DFAF769
:107030001CF94146A01DFAF718F9494604F1080069
:10704000FAF713F93520F9F756FEF9F739FFBDE8DD
:10705000F08770B505460C46F9F711FF3520F9F7B2
:107060004AFE2846F9F75CFF21782846FAF7FDF832
:107070006178A81CFAF7F9F8A178281DFAF7F5F855
:10708000E178A81DFAF7F1F8217905F10800FAF77F
:10709000ECF8617905F10A00FAF7E7F8A17905F152
:1070A0000C00FAF7E2F8E17905F10E00FAF7DDF8E5
:1070B000217A05F11000FAF7D8F8617A05F112008B
:1070C000FAF7D3F8A17A05F11400FAF7CEF8E17ACD
:1070D00005F11600FAF7C9F83520F9F70CFEF9F7B3
:1070E000EFFE70BD70B504460D46F9F7C8FE3520B9
:1070F000F9F701FE2046F9F713FF29462046FAF773
:10710000B4F83520F9F7F7FDF9F7DAFE70BD01465E
:107110000888704701460878704710B50446F9F7AB
:10712000AEFE3520F9F7E7FD2046F9F7F9FE3520E8
:10713000F9F7E1FDF9F7C4FE10BD000010B50246F5
:10714000881A43B2002B01DA584243B2032B07DA04
:1071500002EBC20008440A2490FBF4F040B210BDD8
:1071600002EB4200400000EB81000A2490FBF4F0A7
:1071700040B2F4E72DE9F04780468946FBF768FD09
:1071800006464F4600245BE004EB8400FE4901EB19
:107190008000007C002852D004EB8401FA4A02EB04
:1071A00081000C22414600F067FDD0BB04EB840156
:1071B000F54A02EB810191F911004946FFF7BEFF44
:1071C000074604EB8400F04901EB8000807CFF2837
:1071D0000BDA04EB840001EB8000807C401C04EBA4
:1071E0008401E94A02EB8101887417F1460F08DA3D
:1071F00004EB8400E44901EB8000C6600120BDE897
:10720000F08704EB8400E04901EB8000C068301A8D
:10721000C82807D204EB840001EB800047740120EA
:10722000EDE70CE004EB8400D74901EB8000C66079
:1072300004EB840001EB800047740020DFE7641C4E
:10724000402CA1DB00212DE001EB8100CE4A02EBB6
:107250008000007C28BB01EB810002EB8000D8F8A5
:1072600000200260D8F804204260D8F8082082602C
:1072700001EB8100C44A02EB8000C66001EB810093
:1072800002EB80004774012001EB8102BE4B03EB4F
:107290008202107401EB810203EB820290740020E1
:1072A000ADE7491C4029CFDB002501202CE000EB95
:1072B0008001B54A02EB8101897C05EB8502B24B66
:1072C00003EB8202927C914201DA05461BE000EB5F
:1072D0008001AD4A02EB8101897C05EB8502AA4B56
:1072E00003EB8202927C91420DD100EB80011A46A1
:1072F00002EB8101C96805EB850203EB8202D268CB
:10730000914200D20546401C4028D0DB05EB8500A9
:107310009D4901EB8000D8F800100160D8F80410F6
:107320004160D8F80810816005EB8500964901EBB3
:107330008000C66005EB850001EB800047740120EA
:1073400005EB8501904A02EB8101087405EB85018C
:1073500002EB81018874002051E710B5FBF778FC3F
:107360000446002016E000EB8001874A02EB810111
:10737000097C71B100EB800102EB8101C968611ADF
:10738000C82906D9002100EB80027F4B03EB820263
:107390001174401C4028E6DB10BD2DE9F04F0021A0
:1073A000002600278C467948007808B1082001E0C3
:1073B000774800780246032A02DA0020BDE8F08F01
:1073C0007248007810B17248007800E000208246D0
:1073D00000201EE00AEB00054FEAE57B05EB5B7B36
:1073E0004FEAEB0BA5EBCB0B0BF0FF090D1829B205
:1073F000684D15F9095035442EB2664D15F90950FE
:1074000000FB05752FB200FB00C50FFA85FC451C7B
:10741000E8B29042DEDB02FB07F001FB16000FFA38
:1074200080F802FB0CF001FB110003B20BB9002045
:10743000C4E798FBF3F004B2012C01DD0120BDE7A5
:10744000B4F1FF3F02DA4FF0FF30B7E70020B5E7B5
:1074500050494F4A127888544D490978491C4C4A82
:10746000117011460978082904DB002111700121EF
:10747000464A1170704710B50122002105E0104600
:10748000531CDAB2444B185C014444480068401E67
:107490009042F4D8CBB241480068401E3E4C205C7C
:1074A000834201D1012010BD0020FCE710B5044645
:1074B00021463B48FBF7EFFA00BF80213848FBF735
:1074C0004EFB0028F9D010BD70B505460E460024CD
:1074D00004E0285DFFF7EAFF601C84B2B442F8DBE9
:1074E00070BD70B50446002504E0605DFFF7DEFF67
:1074F000681CC5B2605D0028F7D170BD10B50246AA
:10750000012000E050430B1EA1F10101FAD110BD92
:107510002DE9F04106460C46002512E0601B411E95
:107520000A20FFF7EBFFB6FBF0F00A21B0FBF1F207
:1075300001FB120000F130073846FFF7B7FF681C67
:10754000C5B2A542EADBBDE8F0811CB5FBF780FBC4
:10755000044614480068201A13490968884200D27A
:107560001CBD12480068E8B310480068201A0E4994
:107570000968884241D90E48007803281BDA0C4874
:107580000078401C0A4915E05C0D00205B000020DB
:107590005A00002052000020500B0020380000202C
:1075A0000038014048000020440000204C0000202A
:1075B0005100002008700020654908706548007877
:1075C000032813DB64480068B0F5967F0ED262484A
:1075D000006814306049086008460068B0F5967F7E
:1075E00004D900E009E04FF496700860594800782B
:1075F000032802DB00205749087058480460BB206C
:10760000FFF754FF56A103C9CDE9000105216846E3
:10761000FFF75AFF7E20FFF749FF00BFA0E752485F
:107620000078012804D100204F49087001207047DC
:107630000020FCE710B54FF400714C4800F083FCCB
:1076400000204B49086010BD10B5484880782228BA
:1076500051D1FFF710FF00284DD0002007E0434A2A
:1076600000F10801515C434A1154411CC8B20C2876
:10767000F5DB3E48407940B23F490870FBF7E8FA35
:107680003E49086032480078022804DA3048007821
:10769000401C2F49087000202E4908702C480078A3
:1076A000022809DB2C480068322805D92A480068DE
:1076B0001438294908600AE027480068322806D8AB
:1076C000254800681E2802D91E202349086020484A
:1076D0000078022802DB00201D490870264890F936
:1076E0000000FFF7B5FEFFF758FE25490870FFF7C9
:1076F000A1FF012010BDFFF79DFF0020FAE710B5A4
:1077000020212048FBF733FA08B319480068B0F588
:10771000007F02D30020164908601A48FBF7BFF922
:107720001249134A12688854084611490968405C96
:107730007E2803D101200C49087004E00C48006841
:10774000401C0B49086020210E48FBF768FA10BD69
:10775000500000205100002044000020480000207C
:10776000002200002200000040000020500B0020FA
:1077700038000020500D0020410000204C00002067
:107780005C0000200038014070B5064600F00EFC99
:10779000056806F10B0020F00704B4429CBF0020EE
:1077A00070BD2B466A68BAB11068A04210D304F1CC
:1077B000080188423CBF5068586007D351681019CF
:1077C00041601168091B016058601460101D70BD94
:1077D00013465268002AE7D12146284600F0EEFB06
:1077E0000028DED170BD70B50446051F00F0DEFB39
:1077F0000068002C14BF446870BD002C18BFAC4258
:107800003CBF20466468F8D301680A18AA4218BF32
:10781000456003D12A680546114401602868411972
:10782000A1421CBF6C6070BD61686960216808443A
:10783000286070BD10B5044600F0B0FB0068005D24
:10784000C00602D504F1200010BD204610BD000086
:107850007CB51D4616460C00009001D02044401E09
:10786000074B7B442A4669460190304600F08FFE64
:1078700005461CB10020694600F09CFE28467CBDF0
:10788000590D00000FB41CB5084B06AA7B4469468D
:107890000090059800F07BFE04460020694600F049
:1078A00089FE20461CBC5DF814FB0000250D00007D
:1078B0000FB47CB50C0009AA009001D02044401EF2
:1078C000084B7B4469460190089800F060FE05462D
:1078D0001CB10020694600F06DFE28467CBC5DF8B6
:1078E00014FB0000F90C000070B5044685690068BF
:1078F000C10601D5302600E02026C00707D070BDA4
:10790000D4E9012130469047206A401C20626D1E58
:10791000F6D570BD70B5044685690078C00707D1FB
:1079200070BDD4E9012120209047206A401C2062CC
:107930006D1EF6D570BD70B50C460546012A05D002
:107940002878800600D5EA69002302E0012305E0DB
:107950005B1C934202D2E05C0028F9D1A869E618CA
:10796000C01AA861286A184428622846FFF7BCFF9D
:1079700004E0D5E9012114F8010B9047B442F8D393
:107980002846FFF7C7FF70BD2DE9F04106460024E9
:1079900010687529314616A510D000F064FB002848
:1079A00002DA404213A507E031688A0701D512A523
:1079B00002E0490704D511A5012401E000F05CFBB9
:1079C00000210A2206F1240709E0B0FBF2FCB0FB1B
:1079D000F2F302FB1C00303078541846491C002892
:1079E000F3D123462A463046BDE8F04100F04DBBB6
:1079F000000000002D0000002B000000200000000F
:107A0000F0B40D460188090502D5214C7C4402E002
:107A10001F4C7C440E34002100F1240608E002F0E3
:107A20000F071209E75D42EA03721B097754491CEC
:107A300052EA0307F3D102780023120704D5702D10
:107A400006D009B1022311342246F0BC00F01DBB60
:107A500001231034F8E770B504460D46214610683E
:107A600000F00AFB024629462046BDE8704000238C
:107A7000C6E7D21D22F00703D3E90023C0E703685D
:107A8000126843F0200303600823C3610023B7E7B3
:107A90004B4B00002DE9F05F894604464FF0000A89
:107AA000DFF874B1FB44C0F820A02046E1688847A5
:107AB000002874D0252806D0D4E901219047206AF7
:107AC000401C2062F1E700265F462046E1688847B7
:107AD0002028054607DB312D05D2781910F8200C37
:107AE00008B10643F1E7B00701D526F00406C4F853
:107AF0001CA00027C4F818A02A2D09D0284602F09F
:107B00005BFD38B304EB8708303DC8F8185019E026
:107B100059F8041B204604EB87029161E16888470D
:107B2000012F054618D1E069002820DA26F020064A
:107B30001DE0D8F8180000EB800005EB400030385D
:107B4000C8F818002046E1688847054602F034FD71
:107B50000028EED1012F0AD02E2D08D12046E16851
:107B600088477F1C0546022F46F02006C4DBA0692B
:107B7000002803DA404246F00106A061F00701D078
:107B800026F010066C2D0BD0682D09D04C2D39D065
:107B90006A2D35D0742D35D07A2D33D016E038E0EB
:107BA000E1682F4620468847B842054609D16C2F28
:107BB00026D04FF48060E16806432046884705469A
:107BC00004E06C2F1AD04FF4807006430DB3A5F17A
:107BD0004100192802D8203546F400664A46294655
:107BE000204626604E46F8F707FB80B101280BD0EF
:107BF000F61D26F0070000F1080956E74020E4E7EB
:107C00008020D8E70020D6E706F104094DE7284692
:107C100052E7206ABDE8F09FDB4A0000401ECAB26E
:107C200010F8011F8A4202D00029F9D100207047C4
:107C300010B5431E13F8014F002CFBD105E011F8DD
:107C4000014B002C03F8014B03D0521EF7D2002148
:107C5000197010BD30B505460B462A4613F8014B86
:107C600012F8010B08B1A042F8D01CB1002802D0D4
:107C70006D1CF1E7284630BD40EA010310B59B07B3
:107C80000FD1042A0DD310C808C9121F9C42F8D086
:107C900020BA19BA884201D9012010BD4FF0FF3037
:107CA00010BD1AB1D30703D0521C07E0002010BD4D
:107CB00010F8013B11F8014B1B1B07D110F8013BD9
:107CC00011F8014B1B1B01D1921EF1D1184610BDBA
:107CD00040EA0103024630B59B0710D14FF0013452
:107CE00000E008C208C91D1B9D4315EAC41FF8D057
:107CF00013F0FF0102F8011B0DD01B0AF8E711F881
:107D0000013B002B02F8013B05D011F8013B002B91
:107D100002F8013BF3D130BD10B5431C02E010F86E
:107D2000011B71B18107FAD14FF0013202C88C1AE0
:107D30008C4314EAC211F9D0C01A0A0603D0C01E3F
:107D400010BDC01A10BD0A0401D0801E10BD09026A
:107D5000FCD0401E10BD40EA010370B59B072ED138
:107D60004FF00136042A2AD308C810C99D1B9D4331
:107D7000121F15EAC61517D0D8B2E1B2401A50EA60
:107D8000056110D198B2A1B2401A50EA05410AD15A
:107D900023F07F4024F07F41401A50EA052102D1B0
:107DA000180EA0EB146070BDA342DBD018BA21BA44
:107DB000884201D9012070BD4FF0FF3070BD0AB973
:107DC000002070BD10F8013B11F8014B63B1A342D4
:107DD0000AD1521E08D010F8013B11F8014B1BB11B
:107DE000A34201D1521EEDD1181B70BD421E12F8E4
:107DF000013F002BFBD111F8013B002B02F8013BA6
:107E0000F9D17047032A40F2308010F0030C00F0E3
:107E1000158011F8013BBCF1020F624498BF11F8C4
:107E200001CB00F8013B38BF11F8013BA2F104027D
:107E300098BF00F801CB38BF00F8013B11F00303F5
:107E400000F02580083AC0F0088051F8043B083A59
:107E500051F804CBA0E80810F5E7121D5CBF51F8FB
:107E6000043B40F8043BAFF30080D20724BF11F875
:107E7000013B11F801CB48BF11F8012B24BF00F8DA
:107E8000013B00F801CB48BF00F8012B704710B54B
:107E9000203AC0F00B80B1E81850203AA0E8185002
:107EA000B1E81850A0E81850BFF4F5AF5FEA027CC3
:107EB00024BFB1E81850A0E8185044BF18C918C032
:107EC000BDE810405FEA827C24BF51F8043B40F8D3
:107ED000043B08BF7047D20728BF31F8023B48BFB8
:107EE00011F8012B28BF20F8023B48BF00F8012BF6
:107EF000704702F0FF0343EA032242EA024200F025
:107F000002B84FF000020429C0F0128010F0030CF8
:107F100000F01B80CCF1040CBCF1020F18BF00F87C
:107F2000012BA8BF20F8022BA1EB0C0100F00DB82B
:107F30005FEAC17C24BF00F8012B00F8012B48BF89
:107F400000F8012B70474FF0000200B5134694462D
:107F50009646203922BFA0E80C50A0E80C50B1F1A1
:107F60002001BFF4F7AF090728BFA0E80C5048BFB5
:107F70000CC05DF804EB890028BF40F8042B08BF53
:107F8000704748BF20F8022B11F0804F18BF00F84F
:107F9000012B7047704770477047000010B500F024
:107FA00005FC001D10BD00BFA5260000004870475D
:107FB00064120020704770477047704738B5044618
:107FC0000A4600206946AFF30080002808BF38BD8C
:107FD00002460099204600F0F1FB012038BD012047
:107FE00000F0B2BEF8B5AFF30080054600200C46A5
:107FF000102000BF0646A819A0420DD93246694696
:108000000020AFF30080070008BF00F09DFE00983D
:10801000A04218BF0546C419FFF7C8FF0560074610
:10802000F01D20F007004619284600F00AF8B44277
:1080300008BFF8BDA21B31463868BDE8F84000F023
:10804000BDBB00210160C0E90110704710207047DE
:1080500010B500F0AFFB006810BD10B5044600F08D
:10806000A9FB046010BD09684A0501D540B27047FC
:10807000C905FCD500B2704709684A0501D5C0B2F0
:108080007047C905FCD580B270472DE9F0470D4611
:1080900099469246044600F124080168880604D5F2
:1080A000E06921F01001216000E00120A84201DD1B
:1080B000471B00E00027A1697A1902EB0900081AA2
:1080C000A0612078C00602D42046FFF70DFC0026F0
:1080D00008E0D4E901211AF806009047206A401C04
:1080E000761C20624E45F4DB2078C0060AD5204677
:1080F000FFF7FAFB06E0D4E9012130209047206A1F
:10810000401C2062381EA7F10107F4DC07E0D4E927
:10811000012118F805009047206A401C2062281EA3
:10812000A5F10105F3DC2046FFF7F4FB20780006FB
:1081300002D50220BDE8F0870120FBE71168026844
:10814000006A530501D508700AE0D30501D50880FF
:1081500006E0130603D5C217C1E9000200E008607B
:108160000120704770472DE9FF4F0C461E464FF027
:10817000FF378BB0D2E90001DDF860800A908A46B3
:10818000C1F30A5505B93D46002108464FF00000ED
:10819000BAF1000F00F4400005DA00EB80004FF464
:1081A000400101EA50004FEA9059B9F1010F00DD9A
:1081B000B9460A9850EA4A000ED044F61050A5F28B
:1081C000FF3545432F14B8F1000F1ED07542291E0C
:1081D0001EDDC9F100021CE0B8F1010F4FF00000F4
:1081E00001D0302103E0F24305E02154401CB042AD
:1081F000FBDB30460022002121540B99C1F8088096
:10820000C1E900200FB0BDE8F08FBD1B6D1CDEE79B
:108210004A4600DA694206A800F004FD06AB93E87E
:10822000070003AB83E8070050460A9900F056FEAA
:108230008DE80700A0F500501F3800900398002D2E
:108240000ADD42F21F014A460844002303A90390B5
:10825000684601F0BFF809E0A0F500504A461F3813
:10826000002303A90390684601F0C9F88DE80700D0
:108270000004000C03D04FF0FF30410800E010462E
:10828000B8F1000F03D00022009215461EE0751EC3
:1082900005D400F0ADFA303262556D1EF9D5B34603
:1082A0000122084302D000227F1C04E020783028FD
:1082B00001D100227F1E002A099784D01DE0112DD4
:1082C00007DA00F095FA303262556D1C50EA01026F
:1082D000F5D1084302D00098C8B10EE00021681E15
:1082E00005E0235C625C63542254401E491C8142B9
:1082F000F7DBAB46A81B401E0990002004F80B00DA
:108300000B98099AC0F80880C0E9002B7AE711267B
:108310004FF0000857E72DE9F04F88460446D21D7C
:1083200022F0070191B0D1E90001CDE90A0101F085
:108330009DF902460B98C00F01D02D2007E0206860
:10834000810701D52B2002E0202101EAC000032A89
:10835000099001D0072A05DB03464146204600F07C
:108360000BFC0BE12078800601D5E06900E00620D7
:10837000B8F1650F814606D0B8F1660F18D0B8F194
:10838000670F70D131E00020B9F1110F009001DBCF
:10839000112301E009F101030AAA01A90CA8FFF7C2
:1083A000E2FEDDE90C70002609F10105834647E095
:1083B00001204B4600904FF000470AAA01A90CA8E3
:1083C000FFF7D1FEDDE90DB00C995D46002610B92E
:1083D00009F101000D18B9EB050003D4C0F1FF3617
:1083E00009F10105A5EB09002BE0B9F1010F01DA54
:1083F0004FF001090020B9F1110F0090484601DD4E
:10840000112300E003460AAA01A90CA8FFF7ABFE5E
:10841000DDE90C704D4600268346207800070AD41B
:10842000AB4500DA5D4601A8012D04DD411911F8C4
:10843000011C302907D04F4502DA17F1040F04DA86
:10844000012082460FE06D1EEEE7002F02DCED1BDF
:108450003E4403E0781CA84200DD7D1CB81B00F1FF
:10846000010A4FF000472078000703D4AA4501DB3A
:108470004FF0FF3A0021B7F1004F0DF143088DF89E
:10848000431024D002202B23002F01DA7F422D231A
:108490000A21021EA0F1010000DC5FB197FBF1FC94
:1084A00097FBF1F201FB1C7C17460CF1300C08F82D
:1084B00001CDEEE7A8F1010003702188090501D57F
:1084C000452100E06521A0F1010800F8011C099890
:1084D0000FA9A1EB0807FF1D00B10120411901EB15
:1084E000EA70A1693844081A401EA0612078C006CD
:1084F00002D42046FFF7F8F9099828B1D4E9012100
:108500009047206A401C20622078C00622D5204671
:10851000FFF7EAF91EE0002E04DBB34502DD01A8F7
:10852000805D00E03020D4E901219047206A401CA2
:108530002062761CAAF101005FEA000A0AD100F06D
:1085400035F9C0680168405CD4E901219047206A90
:10855000401C2062281EA5F10105DCDC07E0D4E9FF
:10856000012118F8010B9047206A401C2062381E38
:10857000A7F10107F3DC2046FFF7CCF9032011B087
:1085800041E6000001694A1C02610878704700B5A5
:108590008FB0CDE901310021059105497944CDE93C
:1085A000031011466846FFF775FA0FB000BD0000D2
:1085B000E5FFFFFF0A6802F8010B0A607047D1E986
:1085C00000239A4202D2531C0B601070704710B502
:1085D000436913B1AFF3008001E0FFF7ACF901206C
:1085E00010BD127800F124010A7000224A700122A5
:1085F000EDE711684FF0FF32E9E700002DE9FF5F7A
:1086000015468A460446DFF8AC80F8440027D8E9CE
:1086100000103E46CDE9001010E03AF816106A4608
:1086200002A800F071FB411C07D02178890603D510
:10863000E269391891420DD80744761C20788006EB
:1086400002D5E069B84205DDAE42E6DB3AF8160035
:108650000028E2D1A069C01BA0612046FFF744F9C1
:10866000D8E90010CDE90010002017E03AF8181002
:108670006A4602A800F048FBB0F1FF3F81460BD0EC
:1086800000250DF1080B05E0D4E901211BF80500D8
:1086900090476D1C4D45F7D308F10100B04280466C
:1086A000E4DB206A384420622046FFF733F9BDE856
:1086B000FF9F0000124000002DE9F0418046D21DCE
:1086C00022F007020025D2E90002F52915A614D0F0
:1086D000011E72F1000106DA0023D0EB030063EB08
:1086E000020211A608E0D8F800108B0701D50FA6EA
:1086F00002E0490701D50EA601251146002408F124
:10870000240704E000F074F830323A55641C50EA53
:108710000102F7D12B46324621464046BDE8F041E2
:10872000FFF7B3BC000000002D0000002B0000008C
:108730002000000030B4002100F1240408E002F021
:108740000705D208303542EA4372DB086554491CFC
:1087500052EA0305F3D10468002310A2250707D5C8
:10876000A40600D421B1C46901230DA2641EC46112
:1087700030BCFFF78ABC10B5044621461068FFF7ED
:108780007BFC02462046BDE810400023D2E7D21D04
:1087900022F00701D1E90023CCE70000000000002F
:1087A00030000000004870475C120020004870470D
:1087B0007C120020004870475C120020034640688D
:1087C0008C46002818BF88423CBF03464068F8D357
:1087D00018681844884207D00CF1030020F0070005
:1087E000001D411A521A0146081D0A60FEF7FBBF20
:1087F00030B5B0F10A024FEA900E71F100034EEA73
:10880000817EB0EB0E0061EB91014FEA101E4EEA43
:10881000017E10EB0E0041EB11114FEA102E4EEAD3
:10882000016E10EB0E0041EB11214FEA104E4EEAA3
:10883000014E10EB0E0041EB1141401841F10001D7
:108840004FEAD00040EA41704FEAD10110EB8005B9
:108850004FEA810444EA907444EB01046D1944EB3F
:108860000404521BA3414FF0000348BF0A3200D555
:1088700030BD401C41F1000130BD00002DE9F04F3A
:1088800004460D46D21D22F0070089B0D0E90097BA
:108890004846394600F0EAFE0246F80F01D02D2383
:1088A00007E02068810701D52B2302E0202101EA9F
:1088B000C0038DF820300BB1012000E00020032A16
:1088C000824601D0072A04DB2946204600F054F9ED
:1088D0003FE12078800601D40D2500E0E569C7F36B
:1088E0000A560D2D49DA00214FEA175B08464FF072
:1088F0000000002F00F4400007DA00EB80004FF486
:10890000400100EBD07001EA60008115012901DD12
:108910004FF0FF3100224FEA850CBCF1180F06D34F
:108920001346ACF118004FF08052C24003E04FF400
:10893000801323FA0CF30CF10C0CBCF1200F04D3C0
:10894000ACF1200C09FA0CF001E007FA0CF0002958
:108950004FF0004801DD18B90FE00ED140450CD3AF
:1089600019EB02095F4121B9404502D19F4329EA31
:108970000209BBEB175F00D0761C2088000502D5EA
:108980007B48784402E07A487844193808AA3023B2
:1089900002F80A30037C0AF10101002E0AF1020AF2
:1089A00053546A4602DC4FF0300101E04FF03101D0
:1089B0004FF001088DF8001002D0A6F2FF3603E058
:1089C00059EA470100D06B4E002D02DC21780907DF
:1089D00004D54FF002082E218DF80110C446002165
:1089E0000BE0C7F303433F01C35C491C6D1E02F853
:1089F0000830052908F1010801DA002DF1DC002119
:108A00000CE000EB1973491C1B786D1E082902F855
:108A100008304FEA091908F1010801DA002DF0DCED
:108A200021688B0602D516E0A8F10108E04505DDB6
:108A300002EB080313F8013C302BF5D0B8F1000F1E
:108A400009DD02EB080313F8013C2E2B03D10907C3
:108A500001D4A8F10108002D05DD3E2102F808101F
:108A60006D1E08F10108407C002E02F8080008F194
:108A7000010804DA2D20764202F8080002E02B20DB
:108A800002F808000A214FF47A70864208F10108C2
:108A90000BDB96FBF0F3303302F8083096FBF0F373
:108AA00008F1010800FB136601E0642E0CDB642072
:108AB00096FBF0F3303302F8083096FBF0F308F140
:108AC000010800FB136601E00A2E06DB96FBF1F0BD
:108AD000303002F8080008F1010896FBF1F001FBC4
:108AE0001060303002F80800A16908F1010808EBB5
:108AF000050202EB0A00081AA0612078C00602D421
:108B00002046FEF7F1FE216A08AE01EB0A00206262
:108B100004E0D4E9012116F8010B9047BAF1010AEB
:108B2000F7D22078C00602D52046FEF7DDFE6E465D
:108B300009E016F8010B3E280FD0D4E90121904737
:108B4000206A401C2062B8F10108F2D22046FEF7EC
:108B5000E1FE09B00320BDE8F08F206A28442062BE
:108B600003E0D4E90121302090476D1EEBD3F8E7F4
:108B7000BD3C000002FCFFFF2DE9F0411F4604460A
:108B800003260168072A01F4006004DB08B116A57A
:108B900005E016A503E008B115A500E015A521F034
:108BA00010002060A069C01EA0610FB1401EA0612E
:108BB0002046FEF799FE4FB1D4E90121384690478F
:108BC000206A401C2062C01C206206E0206AFAE78E
:108BD000D4E9012115F8010B9047761EF8D2204602
:108BE000FEF798FEBDE8F0814E414E006E616E00CA
:108BF000494E4600696E660010B5436913B1AFF384
:108C0000008001E0FFF7FAFC012010BD128800F19E
:108C1000240182840022C2840122EDE711684FF012
:108C2000FF32E9E72DE9F047814616468AB035481C
:108C300078440DC88DE80D0032487844801C03ACA0
:108C40000DC884E80D0041F69B300844372190FBA5
:108C5000F1F290FBF1F5A5F1800501FB12041B3C3C
:108C600002D56442012000E00020DFF898A0804691
:108C70000027FA44AAF1BE0A0EE0E0070AD0324605
:108C8000684607EB470101230AEB810100F0B7FBBF
:108C90008DE8070064107F1C002CEED1194F7F4433
:108CA000AE3F19E0E80715D007EB04100DF1180AE4
:108CB00090E80E008AE80E00C068F04201D19819D1
:108CC00008903246012306A903A800F098FB03ABE5
:108CD00083E807006D10641C002DE3D14FF0010301
:108CE00032466946B8F1000F03A802D000F072FBCB
:108CF00001E000F084FBC9E90001C9F808200AB0CE
:108D0000BDE8F087A03A000070B516460C4605464F
:108D1000FFF744F9036893F80101012806D0FF2CFE
:108D20000FD8185D68B101202C7070BDD3F8070111
:108D30003246214603F2071303442846BDE870403B
:108D400018474FF0FF3070BD10B500F039F8BDE89E
:108D5000104000F02FB870477546FFF723FDAE4670
:108D600005006946534620F00700854618B020B537
:108D7000F7F714FCBDE820404FF000064FF0000765
:108D80004FF000084FF0000B21F00701AC46ACE8B3
:108D9000C009ACE8C009ACE8C009ACE8C0098D4620
:108DA000704710B50446AFF300802046BDE8104080
:108DB000F7F78BBA002801D000F06AB870470000BE
:108DC00010B5012805D0002103A000F067F80120AC
:108DD00010BD09A1F8E7000053494752544D454DD5
:108DE0003A204F7574206F662068656170206D654C
:108DF0006D6F7279000000003A2048656170206D47
:108E0000656D6F727920636F72727570746564003E
:108E10004FF0013C50F8042B51F8043B9A4221D109
:108E2000A2EB0C03934313EACC1317D150F8042B95
:108E300051F8043B9A4215D1A2EB0C03934313EA79
:108E4000CC130BD150F8042B51F8043B9A4209D1B2
:108E5000A2EB0C03934313EACC13DBD04FF00000DA
:108E6000704700BFD01A01BAB1FA81F101F01801C0
:108E700022FA01F0CB40C1F12001DBB2C0B2C01A2E
:108E80002CFA01F3D11A914311EAC311E6D17047CC
:108E900001491820ABBEFEE72600020070B505466A
:108EA0000C460A2000E06D1C00F011F835B128785E
:108EB0000028F8D102E0641C00F009F814B1207811
:108EC0000028F8D1BDE870400A20AFF3008008B553
:108ED00069468DF800000320ABBE08BD5FEA400C78
:108EE00008BF91F0000F4FEA8C234FEAC12243EAFA
:108EF00051514FEA1C5018BF00F5F0404FEA3000C6
:108F000018BF41F000415FEA6C5C00F02980BCF1C1
:108F1000FF3F08BF40F080407047130C06BF1204AB
:108F20004FF0100C4FF0000C130E04BF12020CF1A6
:108F3000080C130F04BF12010CF1040C930F04BFB3
:108F400092000CF1020CD30F04BF52000CF1010C83
:108F500011464FF00002A0F11F00A0EB0C0070477B
:108F600011F0004F08BF704731F000413FF4D5AF1A
:108F70000B0C06BF09044FF0100C4FF0000C0B0E49
:108F800004BF09020CF1080C0B0F04BF09010CF11E
:108F9000040C8B0F04BF89000CF1020CCB0F04BF33
:108FA00049000CF1010CCCF12003A0EB0C0022FADB
:108FB00003F302FA0CF241EA030100F101007047E9
:108FC00020F07F4C80EA030023F07F47ACEB0703DF
:108FD00003F57C5300F0004003F1FF032DE98049C5
:108FE0004FEA154B09B44FEA144325EA0B4E24EA25
:108FF00003480FF2042606EB132749083E785FEA80
:10900000320203FB0667C7F5000707FB06F64FEAC7
:1090100054374FEAD64606F1020607FB066CCCF140
:10902000005C4FEA1C472CEA074C07FB06F40CFBDC
:1090300006F504EB15464FEA961634BF00204FF0B4
:1090400000404FEAD13706FB07FC4FEA1C4C0CFBF3
:109050000BF7D21B03FB0CF761EB07010CFB0EF7C0
:10906000B0EB074072EB17420CFB08F734BFA2EBE2
:109070000742B2EB074261EB17414FEA0C444FEA5B
:10908000910706FB07FC4FEA1C4C0CFB0BF7B0EBFF
:10909000C74072EB573203FB0CF734BFA2EBC74259
:1090A000B2EBC74261EB57310CFB0EF7B0EBC700D8
:1090B00072EB57720CFB08F734BFA2EBC702B2EB9E
:1090C000C70261EB5771039F4FEA816141EA921138
:1090D00004EBCC044FEAD1374FEA826206FB07FC6F
:1090E00042EA90124FEA80604FEA1C4C0CFB0BF7EF
:1090F000D21B03FB0CF761EB07010CFB0EF7B0EB87
:10910000074072EB17420CFB08F734BFA2EB074293
:10911000B2EB074261EB17414FEA8C554FEA9107DA
:1091200004EB9C2406FB07FC4FEA1C4C0CFB0BF7E2
:10913000B0EBC74072EB573203FB0CF734BFA2EB26
:10914000C742B2EBC74261EB57310CFB0EF7B0EBF5
:10915000C70072EB57720CFB08F734BFA2EBC702D3
:10916000B2EBC70261EB577115EB4C254FEA8161F9
:1091700041EA92114FEA82624FEAD13742EA9012F5
:1091800006FB07FC44F100044FEA80604FEA1C4CE8
:109190000CFB0BF7D21B03FB0CF761EB07010CFB7D
:1091A0000EF7B0EB074072EB17420CFB08F734BF29
:1091B000A2EB0742B2EB074261EB174115EB1C151E
:1091C0004FEA813141EA92414FEA823242EA9042CB
:1091D0004FEA80304FEA0C7644F1000448EA03433A
:1091E0004EEA0B484FF0000EB2EB080C71EB030790
:1091F00024BF624639464EEB0E0E4FF0000B0018AE
:10920000524149414BEB0B0BB2EB080C71EB0307DE
:109210007BF1000B24BF624639464EEB0E0E4FF039
:10922000000B0018524149414BEB0B0BB2EB080C01
:1092300071EB03077BF1000B24BF624639464EEB0E
:109240000E0E51EA020718BF46F0010616EB0E7625
:1092500055F1000254F1000103D5BDE88901BDE8D4
:109260000088BDE88901BDE80048B619524141EBCC
:109270000101A3F10103704780807F7E7D7C7B7AB2
:109280007978777676757473727171706F6E6E6DB2
:109290006C6C6B6A6A696868676666656464636358
:1092A00062616160605F5F5E5E5D5D5C5C5B5B5ADE
:1092B0005A5959585857575656555555545453534B
:1092C00052525251515050504F4F4F4E4E4D4D4DA6
:1092D0004C4C4C4B4B4B4A4A4A49494948484847F1
:1092E000474747464646454545444444444343432F
:1092F0004342424242414141002B9C4630D47700D8
:109300002BD01CB54FEA370703B44FF010004FF0D5
:109310001001BAF1000F06D0BCF1000FDCBF40F025
:10932000080040F008014FF000000FBCBDE81040FD
:109330000BF1010BBBF1010F08BF5FEA170722BF5A
:1093400012F1010211F101014FF0004143F100035C
:1093500000F0004043EA00007047F9D35708D0E717
:1093600046EA064613F1400F4FEA16461FDD13F199
:10937000200FDFBF16430A46002120335B42BED0D8
:10938000C3F1200746EA064602FA07F74FEA1646F7
:1093900046EA0706C3F1200722FA03F201FA07F7AB
:1093A00021FA03F14FF0000342EA0702A7E746EA79
:1093B000020646EA06464FEA164646EA0106BCBFE2
:1093C00046EA0646360C4FF000034FF000024FF01D
:1093D000000194E72DE9804C9A46934670B491E8D9
:1093E000380007C831EA400C48BF34EA430C03D5C3
:1093F000FFF7E6FDFFF780FFF0BCBDE8008C2DE92C
:10940000804C9A46934670B491E8380007C810F033
:10941000804F08BF13F0804F03D100F005F8FFF72D
:109420006BFFF0BCBDE8008C20F07F4780EA0300B2
:1094300023F07F4C07EB0C03A3F57C5300F00040B6
:10944000A3F1FE0392F0000F00F0B38095F0000F3F
:1094500000F077802DE901494FEA11404FEA1446A8
:1094600021EA004800FB06FC24EA064708FB06F652
:1094700007FB08F800FB07F718EB06484CEB164C07
:109480004FEA124B18EB07484FEA15464CEB1740D2
:1094900022EA0B4E0BFB06FC25EA06470EFB06F6FE
:1094A00007FB0EFE0BFB07F71EEB064E4CEB164CB4
:1094B0004FF000061EEB074E4CEB174B18EB0B085A
:1094C00040F1000018EB0E0B58EB000840F10000D3
:1094D0008F1A4FF000013CBFC943661B14BFB5EBA8
:1094E000040C00213CBFC943F61B4FEA17444EEA67
:1094F0008E0E27EA04454FEA1C4704FB07622CEA5C
:10950000074C05FB07F70CFB05F604FB0CFC16EB00
:10951000074642EB174216EB0C4642EB1C421BEB94
:10952000060658EB0202414146EA9E0601D5BDE817
:109530000189B619524141EB0101A3F10103BDE8D4
:1095400001894FEA14454FEA114724EA054621EA0A
:10955000074C05FB07F406FB07F70CFB06F105FBC0
:109560000CFC11EB074144EB17444FEA124711EB97
:109570000C4144EB1C4422EA074C05FB07F206FBB6
:1095800007F70CFB06F605FB0CFC16EB074642EB57
:10959000174216EB0C4642EB1C456A1854F10001C9
:1095A00048BF7047B619524141EB0101A3F10103D5
:1095B000704795F0000F37D04FEA11424FEA144739
:1095C00021EA024624EA074C02FB07F106FB07F7F3
:1095D0000CFB06F402FB0CFC14EB074441EB1741B7
:1095E0004FEA154714EB0C4441EB1C4125EA074CAC
:1095F00002FB07F506FB07F70CFB06F602FB0CFC6B
:1096000016EB074645EB174516EB0C4645EB1C429F
:10961000121951F1000148BF7047B619524141EB90
:109620000101A3F1010370474FEA14454FEA1147C6
:1096300024EA054621EA074C05FB07F106FB07F77C
:109640000CFB06F24FF0000605FB0CFC12EB074288
:1096500041EB174112EB0C4251EB1C4148BF7047E4
:10966000921841EB0101A3F10103704703B4019883
:109670004100009850EAC12018BF04204A0D18BFCD
:1096800040F0010040F2FF72B2EB515F08BF40F0C2
:109690000200012808BF052002B070472DED020B23
:1096A000019820F0004001909DED000B02B0704742
:1096B0002DE9F0412DED020B9FED3D0B2DED028BC1
:1096C0009FED3D8BDDE90254C4F30A50A0F2FF3652
:1096D000142E37DA002E18DA53EC102B9DED020B06
:1096E00051EC100B00F0EAFF53EC182B01F0B6FB25
:1096F00057D2002CA4BF0024254652DA24F00040A3
:10970000284318BF2E4C4CD01AE02E4820FA06F7FA
:1097100004EA070028431FD053EC102B9DED020BE9
:1097200051EC100B00F0CAFF53EC182B01F096FB24
:1097300037D2002C03DA4FF48010F0400444BC43CD
:1097400000252EE0332E07DCA6F114004FF0FF3188
:1097500021FA00F73D4206D19DED020BBDEC028BD4
:1097600002B0BDE8F08153EC102B9DED020B51ECE3
:10977000100B01F0A9FB53EC182B01F06FFB10D27A
:10978000002C0DDA142E08BF641C09D0C6F1340079
:10979000012101FA00F02844A84238BF641C0546A4
:1097A000BD43CDE902549DED020BD7E70000000058
:1097B0009C7500883CE4377E00000000000000003B
:1097C0000000F0BFFFFF0F002DE9F04D2DED040B61
:1097D0002DED0E8B96B0DDE92550279CDDF890A08D
:1097E00025F0004624F00048BAF1000F14BF012113
:1097F000002101EB4502FC4953184A1093422AD339
:10980000002814BF0123002303EB44030B44F74952
:109810008B4220D358EA00019FEDF59B76D0DFF80C
:10982000D8B35D4503D1BAF1000F05D188E0BAF194
:10983000000F08BF002100D0012101EB450111F507
:10984000001F08D8002814BF0121002101EB4401AA
:1098500011F5001F0BD99DED261B9DED240B16B0B5
:10986000BDEC0E8B04B0BDE8F04D00F069BE0027E2
:10987000002DBCBFE149884521DAE1498845A8BFF0
:1098800002271CDAC3451ADCDE4901EB28511429F2
:1098900008DDC1F1340220FA02F101FA02F282423B
:1098A0000DD108E058B9C1F1140228FA02F101FA09
:1098B00002F2424503D101F00101C1F1020756EA6B
:1098C0000A0124D1002C22DA002D18BF022F01D06A
:1098D000012F0AD00220FEF7C0FB16B0BDEC0E8BA4
:1098E00004B0BDE8F04D00F013BE0220FEF7B5FB5A
:1098F00000F00EFE51EC100B00F0D4FE41EC100B0A
:1099000016B0BDEC0E8B04B0BDE8F08D18E09FEDF5
:10991000BEAB9FEDBF8B002871D1B848804522D1E6
:1099200005F1804010F5801008BFBAF1000F07D094
:10993000B3450ADC002CA8BF9DED260BE0DA0DE054
:10994000B0EE490AF0EE690ADAE7002C06DA9DED7E
:10995000260B51EC100B00F0A5FE6FE0AE487844EA
:1099600090ED000BCCE7D8454DD1002C48DA2EB154
:1099700086423AD1BAF1000F42D126E0BAF1000F87
:1099800013D00220FEF769FB00F0F6FD8DED020B0F
:109990009DED240B8DED000B10EE900A039961F301
:1099A0001E0003909DED020BAAE78DED02AB9DED2D
:1099B000240B1AEE901A10EE900A8DED000B61F355
:1099C0001E0003909DED020B9AE78DED028B9DED3D
:1099D000240B18EE901A10EE900A8DED000B61F337
:1099E0001E0003909DED020B8AE709DA9DED240B22
:1099F00051EC190B53EC102B00F01CFF1EE020E083
:109A00009DED240B7CE786421BDAB4F1804F0DD02C
:109A1000A4F10050B0F1FF5013D1002D11DB9DEDEA
:109A2000240B51EC100B00F0DAFD07E09DED240B48
:109A300053EC102B51EC100B00F0C2BC41EC100B9E
:109A40005EE79DED240B51EC100B00F0BCFDBAF16C
:109A5000000FCDE90E0142D19FED710B46B3A6F187
:109A6000E040B0F17F600CD05E4538D1002D00DAC7
:109A7000A7B3022F0CBF01204FF0FF3001F09DF87B
:109A8000DCE7002D01DD002C0DDA002D01DD002CBE
:109A90001FDB002D16DA002C14DB012F08BF9FED11
:109AA000620B3FF42DAFB0EE4A0AF0EE6A0A27E7E8
:109AB000022F18BF002D0CD0012F0AD1002DFFF668
:109AC0001FAF06E0002DB8BF002C08DA012F3FF4CD
:109AD00017AFB0EE480AF0EE680A11E71BE001206C
:109AE00000EBE57050EA070115D0791EB0EE498A07
:109AF000F0EE698A084308BF9FED4D8B4E48002564
:109B0000804570DD4D494E48884514DDB0420DDB7F
:109B1000002C19DB2FE00120FEF79FFA16B0BDECF8
:109B20000E8B04B0BDE8F04D00F016BDB34502DC6D
:109B3000002C09DC1FE0864202DA002C1BDA03E06D
:109B40005E452BDD002C16DD0220FEF786FA00F0C4
:109B500013FD8DED020B53EC1A2B51EC180B01F099
:109B60007FF8CDE900010399019861F31E0003908D
:109B70009DED020BC4E60220FEF76FFA00F00CFD2B
:109B800010EE901A18EE900A8DED020B8DED008B01
:109B900061F31E0003909DED020BB1E69DED0E0BEF
:109BA00053EC192B51EC100B01F066FA9FED260BCC
:109BB000CDE9080153EC102B9DED080B51EC100B77
:109BC00001F04EF89FED221B53EC112B01F07CF9B4
:109BD0009DED081B53EC112B01F042F89FED1E1B6D
:109BE00053EC112B3CE08CE0FFFF1F00FFFF0F0048
:109BF000000000000000F03F0000F03F0000F07F98
:109C00000000404301FCFFFF000000000000F07F67
:109C10000000000000000000C62C00000000000052
:109C20000000000000000080000000000000F0FFC5
:109C3000000000000000F0BF0000E0410000F04321
:109C4000FFFFEF3F00000000000000000000D03FD9
:109C5000555555555555D53F000000000000E03FD3
:109C600001F032F99DED080B41EC1A0B53EC102B6F
:109C700051EC100B00F0F4FF53EC1A2B00F0F0FF46
:109C800041EC1A0B9FEDFE0B53EC102B9DED080BD6
:109C900051EC100B00F0E4FF41EC1B0B9FEDFA0BB5
:109CA00051EC1A0B53EC102B00F0DAFF41EC1A0BBD
:109CB0009FEDF70B53EC102B9DED080B51EC100BA7
:109CC00000F0CEFF53EC1A2B01F0D6F941EC1A0B41
:109CD00051EC1B0B53EC1A2B00F0F0FC0690CDE975
:109CE00006519DED060B53EC1B2B51EC100B01F0B4
:109CF000C3F953EC1A2B01F0E7F841EC100B00F01C
:109D0000A1B90020B6F5801F0EDA9FEDE30B53ECEE
:109D1000102B9DED0E0B51EC100B00F0A1FFCDE9C7
:109D20000E016FF034000E4600EB2650A0F2FF3714
:109D3000C6F31300DA4940F07F6646F04056884289
:109D4000D8BF002408DDD7498142C8BF012403DC05
:109D50000024A6F580167F1CD348784400EBC4008D
:109D60000F9690ED00CB9DED0E0B53EC1C2B51ECA0
:109D7000100B01F081F99DED0E0B41EC1B0B53EC28
:109D80001C2B51EC100B00F099FC41EC100B51EC2A
:109D9000190B53EC102B00F04DFD41EC1D0B51EC59
:109DA0001B0B53EC1D2B00F05BFF41EC1A0BBF4863
:109DB0008DED10AB7844109590ED000B4FF00050F6
:109DC00040EA660000EB84408DED080B00F50020B2
:109DD00009909DED080B53EC1C2B51EC100B01F07E
:109DE0004BF99DED0E1B53EC112B01F06DF841EC7E
:109DF000100B53EC102B9DED100B51EC100B00F0E1
:109E00002FFF9DED080B41EC1C0B53EC102B9DED2F
:109E1000100B51EC100B00F023FF53EC1B2B01F047
:109E200053F853EC1C2B01F027F953EC1D2B00F0D9
:109E300017FF41EC1C0B53EC1A2B51EC1A0B00F0E2
:109E40000FFF41EC1B0B9A480621B0EE4B0AF0EED7
:109E50006B0A784400F0E0FAB0EE401AF0EE601AB7
:109E6000B0EE41DAF0EE61DA53EC1B2B51EC1B0B38
:109E700000F0F6FE53EC1D2B00F0F2FE9DED100BF2
:109E800041EC1B0B53EC1A2B51EC100B00F016FCA1
:109E900053EC1C2B00F0E4FE53EC1B2B00F00EFCEB
:109EA0009DED100B41EC1B0B53EC102B51EC100BE8
:109EB00000F0D6FE41EC1D0B9FED7FEB53EC1E2B0B
:109EC00000F0FCFB53EC1B2B00F0F8FB0890CDE9F5
:109ED00008519DED080B53EC1E2B51EC100B01F0BB
:109EE000CBF853EC1D2B01F0C7F853EC1B2B00F003
:109EF000EBFF9DED080B41EC1D0B53EC102B9DED82
:109F0000100B51EC100B00F0ABFE41EC1B0B53ECB3
:109F10001A2B51EC1D0B00F0A3FE9DED080B41EC3C
:109F20001A0B53EC102B51EC1C0B00F099FE53EC68
:109F30001A2B00F0C3FB41EC1A0B51EC1B0B53EC3A
:109F40001A2B00F0BBFB0C90CDE90C519DED0C0BD6
:109F500053EC1B2B51EC100B01F08EF853EC1A2B29
:109F600000F0B2FF41EC1B0B9FED550B53EC102B97
:109F70009DED0C0B51EC100B00F072FE41EC1A0B36
:109F80009FED510B51EC1B0B53EC102B00F068FEB6
:109F900041EC1B0B9FED4E0B53EC102B9DED0C0B6E
:109FA00051EC100B00F05CFE53EC1B2B00F086FB19
:109FB00041EC100B4848784400EBC40090ED001BC6
:109FC00051EC100B53EC112B00F078FB41EC1B0B08
:109FD000384600F0F2FDCDE9080153EC1B2B51ECA3
:109FE0001A0B00F06BFB41EC100B3C48784400EB83
:109FF000C40090ED00CB51EC100B53EC1C2B00F087
:10A000005DFB9DED081B53EC112B00F057FB0690F8
:10A01000CDE906519DED080B53EC102B9DED060B81
:10A0200051EC100B01F028F853EC1C2B01F024F834
:10A0300053EC1A2B01F020F853EC1B2B00F044FFDB
:10A0400041EC100B9DED261B53EC102B8DED001BEE
:10A0500000959DED260B51EC100B00F001FE9DEDDF
:10A06000000B41EC1A0B53EC102B9DED260B51EC21
:10A07000100B01F001F89DED061B53EC112B2FE0A6
:10A08000000000604715F73FFE822B654715F73F3C
:10A0900044DF5DF80BAE543E00000000000040437A
:10A0A0008E9803007AB60B003A2800007028000052
:10A0B00072270000000000000000000000000840BF
:10A0C000000000E009C7EE3FFD033ADC09C7EE3FA0
:10A0D000F5015B14E02F3EBEFE250000B825000010
:10A0E00000F0BEFD53EC1A2B00F0E8FA9DED060BD4
:10A0F00041EC1A0B53EC102B9DED000B51EC100BA7
:10A1000000F0AEFDCDE90C019DED0C0B51EC1A0BEE
:10A1100053EC102B00F0D2FACDE902010C46AA490B
:10A120008C422FDB611A084318D19DED0C0B53ECC8
:10A13000102B9DED020B51EC100B00F09DFF41EC3C
:10A140001B0B9FEDA30B51EC1A0B53EC102B00F0E3
:10A15000B5FA53EC1B2B00F081FE2DD20220FDF747
:10A160007CFF00F009FA10EE901A18EE900A8DEDBF
:10A17000020B8DED008B61F31E0003909DED020B31
:10A18000FFF7BEBB944A24F00041914214D3934997
:10A19000214408437FF4EFAC9DED0C0B53EC102BE6
:10A1A0009DED020B51EC100B00F066FF53EC1A2BE7
:10A1B00000F054FE7FF6DFAC24F000408849894A65
:10A1C000002601EB205182422BDA481C4FF480110B
:10A1D00021FA00F02044844AC0F30A517A44A1F2E3
:10A1E000FF3192ED000B814A8DED080BCA4020EA49
:10A1F0000202C0F3130040F48010C1F1140120FAF0
:10A2000001F60992002CB8BF76429DED080B53EC85
:10A21000102B9DED0C0B51EC100B00F02DFFCDE938
:10A220000C019DED0C0B51EC1A0B53EC102B00F0B4
:10A2300045FA9FED6F0B0890CDE9085153EC102BB8
:10A240009DED080B51EC100B00F00AFD41EC1B0BCF
:10A250009FED690B53EC102B9DED080B51EC100B8F
:10A2600000F0FEFC9DED0C0B41EC1C0B53EC102B95
:10A270009DED080B51EC100B00F0FEFE53EC1A2B79
:10A2800000F022FE9FED5E1B53EC112B00F0E8FC6A
:10A2900053EC1C2B00F012FA41EC1A0B51EC1B0B87
:10A2A00053EC1A2B00F00AFACDE902019DED020BE6
:10A2B00053EC1B2B51EC100B00F0DEFE53EC1A2B71
:10A2C00000F002FE9DED020B41EC1A0B53EC102B3B
:10A2D00051EC100B00F0C4FCCDE908014A489DED9B
:10A2E000080B0521784400F097F89DED081B51EC10
:10A2F000100B53EC112B00F0B3FC9DED021B53EC43
:10A30000112B00F0E1FDCDE906019DED020B53ECB0
:10A310001A2B51EC100B00F0A3FC53EC1A2B00F09D
:10A32000CDF99FED3B0B41EC1A0B53EC102B9DED3F
:10A33000060B51EC100B00F09FFE9DED060B41EC5F
:10A340001B0B53EC102B9DED020B51EC100B00F08E
:10A3500087FC53EC1B2B00F06DFA53EC1A2B00F02A
:10A360008BFE9DED021B53EC112B00F085FE53EC90
:10A37000192B00F0A9FDCDE9020101EB06500115F2
:10A380000029C8BF039015DC9DED020B324651EC4D
:10A39000100B01F007F8FFF769F9042808BF00F077
:10A3A000FBF832469DED020B51EC100B00F0FAFF6A
:10A3B000CDE902019DED020B51EC180B53EC102B73
:10A3C00000F04EFCFFF73ABB000090400000000098
:10A3D000FE822B654715973C00CC904000346F3FC0
:10A3E00001FCFFFF0000E03F48240000FFFF0F00DA
:10A3F00000000000432EE63F396CA80C615C20BED3
:10A40000EF39FAFE422EE63F102300000000000064
:10A41000000000000000004070B504462DED028BE6
:10A420004D1E00EBC500B0EE408AF0EE608A90ED64
:10A43000000B35F0060017D053EC182B51EC100B25
:10A4400000F00EFC41EC100B6D1E04EBC50090ED0E
:10A45000001B51EC100B53EC112B00F02FF941ECC9
:10A46000100B35F00600E7D1022D36D0042D1CD09C
:10A47000062D1CBFBDEC028B70BD53EC182B51ECAC
:10A48000100B00F0EDFB94ED0A1B53EC112B00F0C8
:10A4900015F953EC182B00F0E3FB94ED081B53EC7B
:10A4A000112B00F00BF941EC100B53EC182B51EC75
:10A4B000100B00F0D5FB94ED061B53EC112B00F0B4
:10A4C000FDF853EC182B00F0CBFB94ED040B53EC90
:10A4D000102B00F0F3F841EC100B53EC182B51EC5F
:10A4E000100B00F0BDFB94ED021B53EC112B00F0A0
:10A4F000E5F853EC182B00F0B3FB94ED001B53EC84
:10A50000112B00F0DBF8BDEC028B41EC100B70BDA1
:10A510009FED070B10B553EC102B9FED070B51EC83
:10A52000100B00F087F941EC100B10BD000000008B
:10A530000000000000000000000000000000F03FEC
:10A5400010B553EC112B51EC100B00F0B7F841ECA7
:10A55000100B10BD000000009FED050B10B553EC73
:10A56000102B51EC100B00F065F941EC100B10BDF5
:10A5700000000000000000009FED050B10B553EC3B
:10A58000102B51EC100B00F06BFB41EC100B10BDCD
:10A5900000000000000000709FED050B10B553ECAB
:10A5A000102B51EC100B00F05BFB41EC100B10BDBD
:10A5B000000000000000001030380A2801D20120FD
:10A5C00070470020704782B0CDE9000121F00040C3
:10A5D00001909DED000B02B051EC100B704700B5DF
:10A5E0002DED048B83B041EC190B00F079FC41ECAC
:10A5F000180B18EE100A18EE901A8DED008B00283B
:10A6000018BF0120084320F00040C0F17F6000F136
:10A61000E040C00F14D019EE101A19EE900A8DED1B
:10A62000009B002918BF0121084320F00040C0F121
:10A630007F6000F1E040C00F04BF0120FDF70DFD79
:10A6400051EC180B03B0BDEC048B00BD10B5002914
:10A650000AD00878002807D005487844FEF7D8FBD0
:10A66000002801D0002010BD0248784410BD000031
:10A670004E2100004621000010B500290AD00878BC
:10A68000002807D005487844FEF7C2FB002801D017
:10A69000002010BD0248784410BD000032220000A6
:10A6A0002A22000081F00041704780F0004070478E
:10A6B00021F00041704720F00040704710B591EA4A
:10A6C000030F48BF83F0004300F1DE84841A71EB6E
:10A6D000030C05D2121943EB0C03001B61EB0C01B8
:10A6E000DFF824E14FEA1154A4EB135C1EEA430F98
:10A6F00018BF9EEA445F73D023EA0E03DCF1200EFC
:10A7000021EA045143F4801332D322FA0CFE10EBF9
:10A710000E0023FA0CFE41EB0E01CCF1200E03FAE1
:10A720000EFE10EB0E0051F10001B1F5801FCCF1CF
:10A73000200E32D201EB045112FA0EF2BDE81040A5
:10A7400058BF7047401C38BF5FEA420218BF7047CD
:10A75000002814BF20F0010041F100014FEA41033D
:10A7600013F5001F38BF7047A1F1C04100F070BB66
:10A77000012A43EB0302ACF1200CDCF11F0E32BFC7
:10A780004FF0000E23FA0CF310EB030041EB0451E1
:10A79000B4EB115FD0D0A1EB045101F58011490851
:10A7A0005FEA300001EB04510ED350F1000038BFD6
:10A7B00012FA0EFE08D1BDE81040C9E7401C38BFB0
:10A7C0005FEA4202CAD1C3E7BDE810404FEA410345
:10A7D00013F5001F38BF7047A1F1C04100F038BB2E
:10A7E0009EEA445F08D011EA5E0FBDE8104004BF46
:10A7F00001F0004100207047BDE8104070B500F046
:10A80000D9FA00BF64FBBE3E0000E0FF02494FF0F2
:10A81000000000F095BD00BF0000F87F491058BF50
:10A82000C1F140415B1058BFC3F140438B42EFF38D
:10A83000008070472DE9C04130B4DFF8A0C23CEA87
:10A84000111418BF3CEA131400F0EC8081EA0305F0
:10A850001CEA111444EAD57418BF1CEA131500F061
:10A86000C780A4EB05044FF0004545EAC12145EA45
:10A87000C32341EA505143EA525304F17F74994291
:10A8800004F500344FEAC0204FEAC22208BF9042CC
:10A8900000F09C804FEA13650FF24016765D4FEA98
:10A8A000134506FB05F7C7F1807706FB07F74FEA6C
:10A8B000D737A7FB03687642C8F58038A7FB06CEDA
:10A8C00038BFA8F1010807FB08E64FF0000EA6FB11
:10A8D000028CE6FB03CEDCF1000CCEF1004E38BF5B
:10A8E000AEF1010EA6FB0C584FF000074FF000052B
:10A8F000E6FB0E87A1FB08C6A0FB07CE16EB0E06F3
:10A9000045F10005E1FB076515F1E04E7EBFA4F5BA
:10A9100080345FEA46066D4116F1800745F1000577
:10A920004FEA17274FEA066647EA0567A6F1DE46B3
:10A93000B6F1805F4FEA15251FD9384624F0010C87
:10A9400005EBC471BCF1FE6F01EB0C1102D8F0BC39
:10A95000BDE8008124425CBF01F5801E9EEAC47FF1
:10A9600002D4F0BCBDE80081244238D4F0BCA1F18F
:10A97000C041BDE8004100F06BBA4FEAD22242EA82
:10A9800043524FEAD323A7FB02864FEAD02040EA86
:10A99000415007FB03661EEA0E0F4FEAD12105FB6B
:10A9A000026658BFA6EB0056B6EB00564FEA520EB1
:10A9B0004EEAC37E18EB0E0E56EB530EBDD518EBC8
:10A9C00002085E417F1C55F10005B6E74FF4801583
:10A9D0004FF000074FF000064FF00008ADE7F0BC65
:10A9E0004FF0000001F1C04101F00041BDE80081DD
:10A9F00011EA0C1F0CEA131500D00CE013EA0C1F2F
:10AA000000F025804FF00000F0BC81EA030101F066
:10AA10000041BDE80081F0BCBDE8004181EA0301CE
:10AA200000F016BAF0BCBDE8004170B500F0C2F904
:10AA3000097EFC3E00F007B881EA03014FF00000F8
:10AA400001F00041704781EA030100F001BAF0BC57
:10AA5000BDE800414FF0000021497047FFFDFBF9C0
:10AA6000F7F5F4F2F0EEEDEBE9E8E6E4E3E1E0DE41
:10AA7000DDDBDAD8D7D5D4D3D1D0CFCDCCCBCAC8B3
:10AA8000C7C6C5C4C2C1C0BFBEBDBCBBBAB9B8B7DA
:10AA9000B6B5B4B3B2B1B0AFAEADACABAAA9A8A8CD
:10AAA000A7A6A5A4A3A3A2A1A09F9F9E9D9C9C9B9B
:10AAB0009A99999897979695959493939291919046
:10AAC0008F8F8E8E8D8C8C8B8B8A898988888787D7
:10AAD0008685858484838382828181800000FF074C
:10AAE0000000F87F51EA030C17D41CF5801F58BFF3
:10AAF000BCF5801F00F10680994218BF704708BF5F
:10AB00009042704707D711F5801F58BF13F5801F7B
:10AB100019D499427047894270471CF5801F08D5A7
:10AB2000BCF5801FF7D58B4218BF704708BF824223
:10AB300070474FF4001C1CEB410F38BF1CEB430F58
:10AB400001D28B42704770B500F034F9922449006D
:10AB50004FF000514FF08053FFF760BE4FEA4103C2
:10AB60004FEA5353A3F58063D3F11E03C8BFD3F15B
:10AB7000210C0CDD4FF0004242EAC12242EA505261
:10AB800032FA03FC8CEAE17CACEBE1707047102BED
:10AB9000C4BF0020704703F5787CBCF1FF3F04D0B0
:10ABA0006FF0004282EA2100704770B500F002F9B0
:10ABB0004992248000207047F2E710F0004248BF1D
:10ABC0004042B0FA80F310FA03F10AD0C3F11D033A
:10ABD00003F580634FEA415002EB035202EBD121AF
:10ABE00070474FF00000704751EA030C17D41CF572
:10ABF000801F58BFBCF5801F00F10680994218BF26
:10AC0000704708BF9042704707D711F5801F58BFA3
:10AC100013F5801F19D499427047894270471CF57B
:10AC2000801F08D5BCF5801FF7D58B4218BF704731
:10AC300008BF824270474FF4001C1CEB410F38BF25
:10AC40001CEB430F01D28B42704770B500F0B2F895
:10AC5000922449004FF000514FF08053FFF7DEBDC2
:10AC6000DFF848C170B51CEA111E1EBF1CEA13159F
:10AC70009EEA0C0F95EA0C0F00F06F8081EA030446
:10AC800023EA4C134EEAD47E21EA4C1141F48011A0
:10AC900043F48013AE44A1FB024CA0FB0365AEF16C
:10ACA0007F7E361955EB0C05A1FB034C4CF10003DC
:10ACB000A0FB021C16EB0C06654153F10003094290
:10ACC00018BF46F0010613F4007F0BD14FEA0331A1
:10ACD0004FEA0530340341EA155140EA16506FF04F
:10ACE00003020AE04FEAC3214FEAC520F40241EA19
:10ACF000555140EA56506FF0020202EB2E4201EB32
:10AD0000025585EACE710AD05FEA440C18BF24F0E0
:10AD1000004450F1000041F1000120EAD47040F2FB
:10AD2000FE7C624500D270BDA84214BF4FF0804443
:10AD30004FF04044002E08BF0024BEF1806FA8BF32
:10AD4000A1F1C041BDE8704080F282804FF0000068
:10AD500001F1C04101F0004170479EEA0C0F0CEA7E
:10AD6000131518BF95EA0C0F06D04FF0000081EACA
:10AD7000030E0EF0004170BD00F01CF88900013E8A
:10AD800000F007B800F009B84FEA430C5FEA5C5CDA
:10AD900008D081EA030100F05BB84FEA410C5FEA9A
:10ADA0005C5CF6D14FF00000014970470000FF07DE
:10ADB0000000F87F0EF1020E2EF0030E5EF8046B19
:10ADC000364205D4012A43EB030515F5001F12D8BE
:10ADD000012841EB010C1CF5001F0CD80ED14FEAE5
:10ADE000D17C15F5001F0CEB4C0C0CF1020C08BFCC
:10ADF0004CEBD37C04E04FF0080C01E04FEAD37C2D
:10AE00000CEB4C0526FA05F606F00706B6F1040C25
:10AE100006D20EEB860CBDE870404CF0010C60478A
:10AE2000DFE80CF0090B02024FF000414FF0000088
:10AE3000A1F5002170BD19461046012851EB01040F
:10AE400018BFD4F5001484BF002001F0004170BD8C
:10AE50000808A0F500114FEA3101704753EA010CD0
:10AE600017D41CF5801F58BFBCF5801F00F1068069
:10AE70008B4218BF704708BF8242704707D713F54F
:10AE8000801F58BF11F5801F19D48B4270479B4219
:10AE900070471CF5801F08D5BCF5801FF7D5994277
:10AEA00018BF704708BF904270474FF4001C1CEB5E
:10AEB000430F38BF1CEB410F01D2994270470FB4CA
:10AEC0000CBC03BCFFF7C1BE91EA030F10B581F0C3
:10AED00000413FF5FBAB83F0004300F0D5B8000024
:10AEE0002DE9F04101F5801CBCF5001FC0F2A980DE
:10AEF0004FEA115C21EA0C510CF1FD0C41F4801178
:10AF00005FEA5C0C0CF5C07C01D34000494130A4E1
:10AF1000890241EA905187028E0E0A0CA45D04FB5F
:10AF200004F602FB06F6C6F14046A4FB0662F60DE7
:10AF300046EA422606FB06F4A4FB01235242C3F173
:10AF4000404338BF5B1EA6FB02420024E6FB0324FD
:10AF5000D20B42EA4446A6FB0623A1FB02E2A3FB76
:10AF600007E4E3FB61426442C2F1404E38BFAEF1F8
:10AF7000010EA6FB04234FF00002E6FB0E32A2FBFB
:10AF800003463400E2FB6264A1FB06E6A4FB07E88B
:10AF9000E4FB61687642C8F1405838BFA8F1010867
:10AFA000A2FB06E4A3FB08E5E2FB6854A1FB05E66F
:10AFB000A7FB04E8E1FB648618F1200556F10006C2
:10AFC000A809A8F11B08B10908F03F08B8F10A0F59
:10AFD00040EA86601CD901EB0C51BDE8F08100BF4E
:10AFE000FCF5EEE8E2DDD8D3CFCBC7C3C0BDB9B620
:10AFF000B4B1AEACA9A7A5A3A19F9D9B9A98969525
:10B000009392908F8D8C8B898887868584838281AB
:10B01000A0FB006800FB01F208EB4208B8EB8728B0
:10B0200007D5341858EB0104D5D5401C51F1000167
:10B03000D1E7341A78EB0104CDD4401E71F1000140
:10B04000C9E75FEA4C0C5FEA9C5C0DD105D34FF079
:10B05000000001F00041BDE8F081BDE8F04170B5AD
:10B06000FFF7A8FE6DDBFFBEBDE8F0414FF000002A
:10B07000004970470000F87F10B591EA030F48BF00
:10B0800083F000433FF522AB841A71EB030C07D227
:10B0900012198CF0004C43EB0C03001B61EB0C010C
:10B0A000DFF8A4E14FEA1154A4EB135C1EEA430F4E
:10B0B00018BF9EEA445F00F0B08023EA6E0352425C
:10B0C00021EA0451C3EB6E0338BF5B1EDCF1200E96
:10B0D00025D322FA0CFE10EB0E0043FA0CFE41EBD6
:10B0E0000E01CCF1200E03FA0EFE10EB0E0051F112
:10B0F0000001CCF1200E29D412FA0EF201EB04511A
:10B10000BDE8104058BF7047401C1CBFB2F1004F53
:10B11000704700280CBF491C20F00100704712EB5B
:10B12000020E43EB030218BF4FF0010E4EEA42023B
:10B13000ACF1200CDCF11E0E54D943FA0CFE10EBDE
:10B140000E0051F1FF31CCF11E0ED5D50EF1010EDE
:10B1500012FA0EFE404141EB010101EB445C5FEA53
:10B160005C5C10D910EBDE7001EB045138BFBEF10E
:10B17000004FBDE8104018BF704700280CBF491CA5
:10B1800020F00100704730D24FEAD42C11F50011A5
:10B1900024F400641BD0B1FA81F20B3AA41AA41E65
:10B1A000D2F12003914030FA03F31943904001EBB0
:10B1B000CC71002C01EB0451BDE81040A8BF7047D2
:10B1C00001F1C0414FF0000001F000417047B0FABA
:10B1D00080F310FA03F100D110BDE41A173C4805C2
:10B1E000C90AE4E701EB045110BD491001EB045119
:10B1F000BDE810404FEA300002E04FF00001704718
:10B200004A0008BF0042F8D0B2F5001F28BF7047BF
:10B2100001F000414FF0000070479EEA445F07D004
:10B2200011EA5E0FBDE8104004BF00210020704706
:10B23000BDE8104070B5FFF7BDFD00BF40DFF63E32
:10B2400083F00041104670470000E0FF43004FEAE2
:10B25000D30C4FEA3C0C43401FBF40070CF1605138
:10B2600013F0FE4F70471CF0006F03D100200CF06C
:10B27000004170470CF0004343EA507010B540EABB
:10B28000CC0000F00EF800BF000000924FEA000171
:10B29000FFF7DEBD4FF000414FF00000A1F50021A7
:10B2A00070470EF1020E2EF0030E5EF8044B24429E
:10B2B00004D44FEA4102B2F17F4F11D84FEA400364
:10B2C000B3F17F4F0CD80ED14FEAD07CB2F17F4F53
:10B2D0000CEB4C0C0CF1020C08BF4CEBD17C04E0E5
:10B2E0004FF0080C01E04FEAD17C0CEB4C0324FA40
:10B2F00003F404F00704B4F1040C06D20EEB840C42
:10B30000BDE810404CF0010C6047DFE80CF0070886
:10B3100002024FF00040A0F5800010BD0846420038
:10B3200018BFD2F1807288BF00F0004010BD4FF00E
:10B330004070E1EE100A7047FCF7EDBFFDF79EBAD2
:10B340000CF00F03092B08BF082000F059800A2BCE
:10B350000BD0082B18BF704708BF1CF0400F0AD055
:10B360004FF000004FF0000170471CF0400F18BF75
:10B370004FF0004070471CF0100F08D020F07043D1
:10B3800000F07F4242EAD3014FEA4370704700F079
:10B39000604021F07F4242EA000201F07F4040EA33
:10B3A000727070474FF0FF0C4CF4E06C1CEA1153C4
:10B3B0001CBF9CEA030C9445C2BFDA4201EB025168
:10B3C0007047002B0DD0BCF1000F0FD0002A01F008
:10B3D0000041A4BF41F0E04141F07F614FF0000027
:10B3E000704701F000414FF00000704750EA013310
:10B3F0004FF09B0C18BF4CF0806C7FF407AA70478D
:10B400001CF4801F11D01CF4E02F03D06FEACC3164
:10B41000490070474FF04050EFF3008222F0704235
:10B4200042EA000282F3008870474FF00000704744
:10B4300000000000000000000102030406070809E4
:10B4400000000000000000000102030406070809D4
:10B4500000000000010203040000000001020304D8
:10B4600002040608020C0810FFFFFFFFFFFFFFFFAA
:10B4700000000000010000000200000001000000C8
:10B4800003000000010000000300000008000000AD
:10B490003D0000000000000001000000540000001A
:10B4A000550000000000C0E0F0F8FC0000000000C3
:10B4B0000000000000000000000000000000F80094
:10B4C000000000000000333000000000100C0610E7
:10B4D0000C0600000000000000000040C07840C0E2
:10B4E000784000043F04043F040400007088FC0816
:10B4F000300000001820FF211E0000F008F000E0DE
:10B5000018000000211C031E211E0000F008887096
:10B510000000001E2123241927211010160E000000
:10B520000000000000000000000000000000E01823
:10B53000040200000000071820400000020418E088
:10B540000000000040201807000000404080F0800C
:10B550004040000202010F01020200000000F00062
:10B560000000000101011F010101000000000000B6
:10B5700000000080B070000000000000000000002B
:10B5800000000000010101010101010000000000B4
:10B5900000000000303000000000000000000080CB
:10B5A000601804006018060100000000E0100808A0
:10B5B00010E000000F102020100F00001010F80005
:10B5C0000000000020203F20200000007008080834
:10B5D000887000003028242221300000300888883C
:10B5E0004830000018202020110E000000C020105C
:10B5F000F8000000070424243F240000F80888888D
:10B600000808000019212020110E0000E010888891
:10B61000180000000F112020110E0000380808C883
:10B620003808000000003F00000000007088080893
:10B63000887000001C222121221C0000E010080854
:10B6400010E0000000312222110F00000000C0C0F5
:10B65000000000000000303000000000000080000A
:10B66000000000000080600000000000008040201A
:10B670001008000001020408102000404040404033
:10B6800040400004040404040404000008102040A6
:10B690008000000020100804020100007048080823
:10B6A00008F0000000003036010000C030C828E873
:10B6B00010E0000718272423140B000000C038E016
:10B6C000000000203C23020227382008F8888888E0
:10B6D000700000203F202020110E00C03008080814
:10B6E000083800071820202010080008F80808086B
:10B6F00010E000203F202020100F0008F88888E884
:10B70000081000203F20202320180008F88888E82F
:10B71000081000203F200003000000C03008080887
:10B7200038000007182020221E020008F808000038
:10B7300008F808203F210101213F20000808F808EF
:10B740000800000020203F2020000000000808F82A
:10B75000080800C08080807F00000008F888C028AA
:10B76000180800203F20012638200008F8080000B3
:10B77000000000203F20202020300008F8F800F8CA
:10B78000F80800203F003F003F200008F830C000CC
:10B7900008F808203F200007183F00E010080808BC
:10B7A00010E0000F10202020100F0008F8080808F3
:10B7B00008F000203F210101010000E01008080806
:10B7C00010E0000F18242438504F0008F8888888AB
:10B7D000887000203F2000030C302000708808088B
:10B7E0000838000038202121221C00180808F80819
:10B7F0000818000000203F2000000008F8080000A2
:10B8000008F808001F202020201F0008788800006A
:10B81000C83808000007380E010000F80800F800DA
:10B8200008F800033C0700073C0300081868808004
:10B8300068180820302C03032C30200838C800C8B2
:10B840003808000000203F2000000010080808C849
:10B850003808002038262120201800000000FE02B1
:10B860000202000000007F40404000000C30C00099
:10B87000000000000000010638C00000020202FEC5
:10B88000000000004040407F000000000004020271
:10B8900002040000000000000000000000000000A2
:10B8A0000000008080808080808080000202040090
:10B8B0000000000000000000000000000080808008
:10B8C0008000000019242222223F2008F8008080F6
:10B8D000000000003F112020110E000000008080B9
:10B8E000800000000E112020201100000000808048
:10B8F00088F800000E112020103F2000008080807A
:10B90000800000001F222222221300008080F08885
:10B910008888180020203F202000000000808080C0
:10B92000808000006B94949493600008F8008080FD
:10B93000800000203F210000203F200080989800D8
:10B940000000000020203F20200000000000809820
:10B9500098000000C08080807F000008F800008010
:10B96000808000203F24022D302000000808F800CD
:10B970000000000020203F20200000808080808088
:10B98000808000203F20003F20003F80800080809A
:10B99000800000203F210000203F200000808080A8
:10B9A000800000001F202020201F00808000808059
:10B9B00000000080FFA12020110E00000000808008
:10B9C000808000000E112020A0FF808080800080F9
:10B9D00080800020203F2120000100000080808026
:10B9E0008080000033242424241900008080E0801B
:10B9F0008000000000001F20200000808000000068
:10BA0000808000001F202020103F208080800000C8
:10BA100080808000010E30080601008080008000D8
:10BA20008080800F300C030C300F0000808000807D
:10BA30008080000020312E0E3120008080800000A8
:10BA400080808080818E7018060100008080808058
:10BA50008080000021302C22213000000000008076
:10BA60007C020200000000003F404000000000FF98
:10BA700000000000000000FF0000000002027C80C7
:10BA80000000000040403F000000000006010102ED
:10BA90000204040000000000000000404042CC000E
:10BAA000002024A4243FA424A460000000007F20E0
:10BAB00010888A4C29180F1828C800404040404080
:10BAC00040FF44444444444440400000000000001F
:10BAD00000FF0000020408100000000000F0101039
:10BAE0001010FF10101010F000000000000F0404F0
:10BAF0000404FF040404040F000000808080BEA240
:10BB0000A2A2A2A2A2A2BE80808000000000060520
:10BB10000404044484443C0000000080828282FECD
:10BB20008282828282FE8283C28000008040300F47
:10BB30000000000000FF000000000000FC01020601
:10BB40000002020202020202FF020000FF000000E7
:10BB500000000000000040807F0000001010111263
:10BB60001C10F0101814131A90000081814141211B
:10BB7000110D030D11212141C141004020F8074062
:10BB800020180F08C80808281800000000FF00004F
:10BB9000080443807F0001060C00000002F24242CC
:10BBA000424242424242FF0200000000003F404049
:10BBB000404040404040404078000020302CA3608E
:10BBC0003082824222121A2642C0002466251414B2
:10BBD00054404242427E42426240002022EC002019
:10BBE00022AAAAAABFAAAAEBA2200000007F2010C6
:10BBF00000FF0A0A0A4A8A7F00000088681FC80CF2
:10BC00002890A8A6A1262810B01000090905FF0554
:10BC100000FF0A8AFF001F80FF00000000000000F4
:10BC200001E21CE000000000000000804020100C39
:10BC300003000000030C3040C04000104C2404F40A
:10BC4000844D562424148424540C000001FD4140EA
:10BC500041417F41414141FC0000000282F24E43DC
:10BC6000E242FA020202FF0280000001007F20206F
:10BC70007F080909090D49817F0100804070CF4884
:10BC80004848487F48487FC86840000002027F2239
:10BC90001200FF49494949FF0100004042C40C001D
:10BCA000405E5252D252525F42000000007F20128A
:10BCB0008242221A071A2242C3420008080AEAAA4C
:10BCC000AAAAFEAAAAA9F9290C08004040484B4A92
:10BCD0004A4A7F4A4A4A4B486040004042CC0010E2
:10BCE0009090909090FF101214100000007F201090
:10BCF00020603F1010013E40807000000202C2022E
:10BD00000202FE828282C2830200004040407F40E5
:10BD100040407F40404040406040000484E49C84B8
:10BD2000C624F02827F42C24F0200001007F2020D6
:10BD3000BF403F09097F0989FF00004020F807F054
:10BD4000A0904F5424D44C848080000000FF000F4A
:10BD5000809252492524120800000004C44444443F
:10BD6000FE4420DF101010F0181000007F2020107B
:10BD70009080402116081661C04000100C04242455
:10BD80002425E62424342404140C008040201F20A1
:10BD900040407F42424342406020000202FE9292B5
:10BDA00092FE0206FC040404FC000008180F0808B8
:10BDB00004FF0484402718274080001060020CC054
:10BDC00000E22C203F2028E600000004047C030051
:10BDD00000FF09090949897F000000404042CC006A
:10BDE00000000000FF0000000000000000003F9085
:10BDF000482018070007182040800000F80C0B08A6
:10BE000008F840308F080808F80000007F21212141
:10BE1000217F0000004380403F000000008A522242
:10BE20005A464047582452880400000141404F5967
:10BE30006949494969594F40410100808082929285
:10BE4000929292929292FE80808000404022241032
:10BE500048807F0408182422404000101010FF90F2
:10BE600020988888E98E8888A898000242817F00FF
:10BE70000080844B28102847800000008060F887ED
:10BE800080848484FE828382808000010000FF0021
:10BE9000404040407F404040400000101012D256C9
:10BEA0005A5253525A56D212101000403000778521
:10BEB000858DB5858585E7001060004030EF24242E
:10BEC00080E49C105454FF547C100001017F2151E8
:10BED0002618274445455F45454400404042CC0074
:10BEE00000FF4949C949497F8000000040201F20C8
:10BEF000405F48444041424558400000007C40407B
:10BF00004040FF40404040FC000000007C4040407A
:10BF100040407F4040404040FC00000444841464A2
:10BF20000F04E4242F2424E4040400000809780406
:10BF300003003F404042444340780000FE0212525A
:10BF40005252FE5252521202FE000000FF40414186
:10BF500041417F4149514F40FF00000000FE121255
:10BF600012F212121E00F00000FF00100E013F013D
:10BF700001FF11211F000F40807F004040404040E2
:10BF800040FF44444444444440400000000000005A
:10BF900000FF0000020408100000000000F800008C
:10BFA000FF202000FF40201008000020603F2010EC
:10BFB0001F1010003F404040407800808080BEA2AB
:10BFC000A2A2A2A2A2A2BE8080800000000006055C
:10BFD0000404044484443C000000000000F8888805
:10BFE00088880808FF08090AC8080080601F001038
:10BFF000201F80402116182641F800080808F8087C
:10C0000008081010FF101010F000001030101F086A
:10C010008848300E014080403F000000008292922C
:10C0200092929292929292FE000000040404040CF8
:10C0300034040444847F04040404001010D0FF90EE
:10C0400014E4AFA4A4A4AFE4040000040300FF00C0
:10C05000894B2A1A0E1A2A4B888000101090909053
:10C0600090901010FF101011161000002060203F5B
:10C0700010101000030C102040F8000806827A22ED
:10C0800022222222222222220A0600080809090965
:10C09000090909094981413F00000080FE8282FEB2
:10C0A00080FE8282FE8000F800FF00403F0020BF3B
:10C0B000403F40807F00004F807F008080829292CE
:10C0C000929292929292FE808080004040222410B0
:10C0D00048807F040818242240400000000000002F
:10C0E00001E21CE000000000000000804020100C75
:10C0F00003000000030C3040808000404424147F83
:10C1000014240024147F1424444000088849290979
:10C1100049897909090929498808002424A4FE23AA
:10C1200022001008946724940C0000080601FF0107
:10C1300006008989444A33120A060000FE225A8604
:10C1400020102824E324281020200000FF040827C2
:10C15000110D41817F0105093100004042CC0004EE
:10C1600084C4B48D86C43404C4040000003F108825
:10C170009048442211081423C0000000404242426B
:10C18000C27E42C242424240400000804020100C29
:10C190000300003F404040407000001060028C00EF
:10C1A00010101010FF10101010000004047E014148
:10C1B000E151494543415161C101000002020202BF
:10C1C0008242F20E428202020200001008040201C2
:10C1D0000000FF00000001020C0000040484E41CC5
:10C1E0000724242424A46424040400020100FF0082
:10C1F000020242827F020202020200080888C83856
:10C200000C0B0808E8080808080800020100FF40B5
:10C21000414141417F414141414000100C442414BF
:10C220008445264484142444140C00040402FE456E
:10C23000444444444445FE020404001060028C005F
:10C2400024242FE42424E42F24240004047E010069
:10C25000FF11090719090749917F00404042CC00AE
:10C26000084888080808FF080808000040201F2028
:10C270004040414048504F40404000000202C2024E
:10C280000202FE82828282820200004040407F40A1
:10C2900040407F404040404040400020102CE72478
:10C2A0002400E22C20BF2028E600000101017F21AC
:10C2B00011804F20100F10204F800012EAAFAAEA21
:10C2C0000FFA02888C5724548C84000202EAAAAA2E
:10C2D000ABAAABAAAAAAAAEA02020080A0908E8802
:10C2E0008888FF8888888888808000000000FC4457
:10C2F000444444444444FC00000000088888888882
:10C30000FF000000FF8888888808001010101010B7
:10C31000FF000000FF1010101010001060028C00D1
:10C3200010101010FF10101010000004047E0141C6
:10C33000E151494543415161C10100008060F80766
:10C3400080A2AAAAAAAAAABE800000010000FF003B
:10C3500081824E5222524E808180000000000000F7
:10C3600000FF40404040404000000040404040400E
:10C37000407F40404040404040400002FA8282FE00
:10C38000804020504C434C502040000818488444C2
:10C390003F404458414E6058474000404042CC0026
:10C3A0000004C40404FC04040404000000003F1062
:10C3B00048407F40407F4141414000000000FC5424
:10C3C000565554545454FC008040004042422322AD
:10C3D0002212120A46827F01000000008060F807E6
:10C3E0008040B08E80808798608000010000FF0050
:10C3F0008040300F0040807F0000000424448464AB
:10C400009C40300FC8080828180000100806018258
:10C410004C20180601061820408000404042CC0005
:10C4200000FC040200FC0404FC00000040201F206B
:10C43000404F4442407F42444340008060F807043C
:10C44000E4242424FF242424E404000000FF0080CA
:10C45000814529112F4141818180000000FE222267
:10C460002222FE22222222FE00000080601F020201
:10C4700002027F020242827F0000000484E45C44E6
:10C48000C400F29292FE9292F2020002017F10101A
:10C490003F808F54245F4484878000008060F807C9
:10C4A00080601C1010FF1010100000010000FF0041
:10C4B0000202020202FF0202020200080889EA18D0
:10C4C00088000404FC040404FC0000020100FF01D5
:10C4D00086402018074080403F00001010F01F10D9
:10C4E000F00040E05847405060C000402215081658
:10C4F000210000FE42424242FE0000008060F80738
:10C50000000000FF40201008040000010000FF00B0
:10C510000402013F40404040407800829A9693FADE
:10C520005252807E121212F1111000000100FE938F
:10C53000929392929292FE030000008060F80700AE
:10C5400004745455565454740400000000FF000352
:10C55000010545857D050505010300303132333481
:10C56000353637383941424344454640305800302B
:10C570003132333435363738396162636465664049
:10C5800030780004000008000000000000000200F5
:10C590000100001000000000000000000000F03F5B
:10C5A000000000000000F83F000000000000000054
:10C5B0000000004003B8E23F00000000000000005F
:10C5C00006D0CF43EBFD4C3E033333333333E33FED
:10C5D000FFAB6FDBB66DDB3F4D268F515555D53F19
:10C5E00001411DA96074D13F65DBC9934A86CD3FE7
:10C5F000EF4E454A287ECA3F3E5555555555C53FD5
:10C6000093BDBE166CC166BF2CDE25AF6A56113FC6
:10C61000F16BD2C541BDBBBED0A4BE726937663EC8
:10C62000000000000000000000000000000000000A
:10C630003031323334353637383961626364656698
:10C64000787000303132333435363738394142432F
:10C65000444546585000000002400000000000A081
:10C660000000000005400000000000C800000000BD
:10C670000C4000000000409C000000001940000039
:10C680000020BCBE0000000034400000BFC91B8E6B
:10C6900000000004B5400000504BCFD06607E2CF49
:10C6A000010000006C4100003E8251AADFEEA73479
:10C6B00001000000D9420000DCB5A0E23A301F972B
:10C6C000FFFFFFFFB4450000FD25A0C8E9A3C14F4F
:10C6D000FFFFFFFFFF3F00000000008000000000A0
:10C6E000FF3F000000000080000000005741524E54
:10C6F0003A09EFBFBDEFBFBDEFBFBDEFBFBDCAA7DA
:10C70000EFBFBDDCA3EFBFBDEFBFBDC7B7EFBFBD80
:10C71000EFBFBDEFBFBDEFBFBDEFBFBD28EFBFBDDA
:10C72000EFBFBDEFBFBDEFBFBD746F6B656EEFBFF9
:10C73000BDC7B7EFBFBD290D0A0000005741524EDB
:10C740003A09EFBFBDEFBFBDEFBFBDEFBFBDCAA789
:10C75000EFBFBDDCA3EFBFBDEFBFBDC3BBEFBFBD30
:10C76000EFBFBDEFBFBDEFBFBDEFBFBDEFBFBDEFC3
:10C77000BFBDEFBFBDEFBFBDEFBFBDEFBFBDEFBFE3
:10C78000BD5C720A00000000D4C800080000002050
:10C7900060000000C001000834C9000860000020EB
:10C7A000602A0000DC0100081001000043000000C6
:10C7B000F8FFFFFF004040404040404040404141C2
:10C7C0004141414040404040404040404040404066
:10C7D0004040404040050202020202020202020200
:10C7E00002020202022020202020202020202002FD
:10C7F000020202020202909090909090101010108D
:10C800001010101010101010101010101010101028
:10C8100002020202020288888888888808080808BC
:10C820000808080808080808080808080808080888
:10C8300002020202400000000000000000000000B0
:10C8400000000000000000000000000000000000E8
:10C8500000000000000000000000000000000000D8
:10C8600000000000000000000000000000000000C8
:10C8700000000000000000000000000000000000B8
:10C8800000000000000000000000000000000000A8
:10C890000000000000000000000000000000000098
:10C8A0000000000000000000000000000000000088
:10C8B00000000000000000001C0000004300000019
:10C8C000F8FFFFFF0C0000000E0000000F0000004A
:10C8D0002E00000000127A0000000000000000009E
:10C8E0000000000AFFFFFFFF000000000000000042
:10C8F0000000000000000000000000008977000830
:10C90000E7770008000000000000000000000000C1
:10C9100000000000000000005000000000000000C7
:10C920000000000000000000000000000000000007
:04C930000000000003
:040000050800018569
:00000001FF
